rule_file,rule_name,property_type,property_name,enum_values
C:\Program Files\Microsoft Visual Studio\18\Community\MSBuild\Microsoft\VC\v160\fxcop.xml,Microsoft.CodeAnalysis,StringProperty,CodeAnalysisCulture,
C:\Program Files\Microsoft Visual Studio\18\Community\MSBuild\Microsoft\VC\v160\fxcop.xml,Microsoft.CodeAnalysis,StringProperty,CodeAnalysisModuleSuppressionsFile,
C:\Program Files\Microsoft Visual Studio\18\Community\MSBuild\Microsoft\VC\v160\fxcop.xml,Microsoft.CodeAnalysis,StringProperty,CodeAnalysisInputAssembly,
C:\Program Files\Microsoft Visual Studio\18\Community\MSBuild\Microsoft\VC\v160\fxcop.xml,Microsoft.CodeAnalysis,StringProperty,CodeAnalysisLogFile,
C:\Program Files\Microsoft Visual Studio\18\Community\MSBuild\Microsoft\VC\v160\fxcop.xml,Microsoft.CodeAnalysis,StringProperty,CodeAnalysisRuleAssemblies,
C:\Program Files\Microsoft Visual Studio\18\Community\MSBuild\Microsoft\VC\v160\fxcop.xml,Microsoft.CodeAnalysis,StringProperty,CodeAnalysisRules,
C:\Program Files\Microsoft Visual Studio\18\Community\MSBuild\Microsoft\VC\v160\fxcop.xml,Microsoft.CodeAnalysis,StringProperty,CodeAnalysisRuleDirectories,
C:\Program Files\Microsoft Visual Studio\18\Community\MSBuild\Microsoft\VC\v160\fxcop.xml,Microsoft.CodeAnalysis,StringProperty,CodeAnalysisRuleSet,
C:\Program Files\Microsoft Visual Studio\18\Community\MSBuild\Microsoft\VC\v160\fxcop.xml,Microsoft.CodeAnalysis,StringProperty,CodeAnalysisRuleSetDirectories,
C:\Program Files\Microsoft Visual Studio\18\Community\MSBuild\Microsoft\VC\v160\fxcop.xml,Microsoft.CodeAnalysis,BoolProperty,CodeAnalysisUseTypeNameInSuppression,
C:\Program Files\Microsoft Visual Studio\18\Community\MSBuild\Microsoft\VC\v160\fxcop.xml,Microsoft.CodeAnalysis,BoolProperty,CodeAnalysisIgnoreGeneratedCode,
C:\Program Files\Microsoft Visual Studio\18\Community\MSBuild\Microsoft\VC\v160\fxcop.xml,Microsoft.CodeAnalysis,BoolProperty,RunCodeAnalysis,
C:\Program Files\Microsoft Visual Studio\18\Community\MSBuild\Microsoft\VC\v160\fxcop.xml,Microsoft.CodeAnalysis,BoolProperty,CodeAnalysisOverrideRuleVisibilities,
C:\Program Files\Microsoft Visual Studio\18\Community\MSBuild\Microsoft\VC\v160\fxcop.xml,Microsoft.CodeAnalysis,BoolProperty,CodeAnalysisFailOnMissingRules,
C:\Program Files\Microsoft Visual Studio\18\Community\MSBuild\Microsoft\VC\v160\fxcop.xml,Microsoft.CodeAnalysis,BoolProperty,CodeAnalysisIgnoreBuiltInRuleSets,
C:\Program Files\Microsoft Visual Studio\18\Community\MSBuild\Microsoft\VC\v160\fxcop.xml,Microsoft.CodeAnalysis,BoolProperty,CodeAnalysisIgnoreBuiltInRules,
C:\Program Files\Microsoft Visual Studio\18\Community\MSBuild\Microsoft\VC\v170\fxcop.xml,Microsoft.CodeAnalysis,StringProperty,CodeAnalysisCulture,
C:\Program Files\Microsoft Visual Studio\18\Community\MSBuild\Microsoft\VC\v170\fxcop.xml,Microsoft.CodeAnalysis,StringProperty,CodeAnalysisModuleSuppressionsFile,
C:\Program Files\Microsoft Visual Studio\18\Community\MSBuild\Microsoft\VC\v170\fxcop.xml,Microsoft.CodeAnalysis,StringProperty,CodeAnalysisInputAssembly,
C:\Program Files\Microsoft Visual Studio\18\Community\MSBuild\Microsoft\VC\v170\fxcop.xml,Microsoft.CodeAnalysis,StringProperty,CodeAnalysisLogFile,
C:\Program Files\Microsoft Visual Studio\18\Community\MSBuild\Microsoft\VC\v170\fxcop.xml,Microsoft.CodeAnalysis,StringProperty,CodeAnalysisRuleAssemblies,
C:\Program Files\Microsoft Visual Studio\18\Community\MSBuild\Microsoft\VC\v170\fxcop.xml,Microsoft.CodeAnalysis,StringProperty,CodeAnalysisRules,
C:\Program Files\Microsoft Visual Studio\18\Community\MSBuild\Microsoft\VC\v170\fxcop.xml,Microsoft.CodeAnalysis,StringProperty,CodeAnalysisRuleDirectories,
C:\Program Files\Microsoft Visual Studio\18\Community\MSBuild\Microsoft\VC\v170\fxcop.xml,Microsoft.CodeAnalysis,StringProperty,CodeAnalysisRuleSet,
C:\Program Files\Microsoft Visual Studio\18\Community\MSBuild\Microsoft\VC\v170\fxcop.xml,Microsoft.CodeAnalysis,StringProperty,CodeAnalysisRuleSetDirectories,
C:\Program Files\Microsoft Visual Studio\18\Community\MSBuild\Microsoft\VC\v170\fxcop.xml,Microsoft.CodeAnalysis,BoolProperty,CodeAnalysisUseTypeNameInSuppression,
C:\Program Files\Microsoft Visual Studio\18\Community\MSBuild\Microsoft\VC\v170\fxcop.xml,Microsoft.CodeAnalysis,BoolProperty,CodeAnalysisIgnoreGeneratedCode,
C:\Program Files\Microsoft Visual Studio\18\Community\MSBuild\Microsoft\VC\v170\fxcop.xml,Microsoft.CodeAnalysis,BoolProperty,RunCodeAnalysis,
C:\Program Files\Microsoft Visual Studio\18\Community\MSBuild\Microsoft\VC\v170\fxcop.xml,Microsoft.CodeAnalysis,BoolProperty,CodeAnalysisOverrideRuleVisibilities,
C:\Program Files\Microsoft Visual Studio\18\Community\MSBuild\Microsoft\VC\v170\fxcop.xml,Microsoft.CodeAnalysis,BoolProperty,CodeAnalysisFailOnMissingRules,
C:\Program Files\Microsoft Visual Studio\18\Community\MSBuild\Microsoft\VC\v170\fxcop.xml,Microsoft.CodeAnalysis,BoolProperty,CodeAnalysisIgnoreBuiltInRuleSets,
C:\Program Files\Microsoft Visual Studio\18\Community\MSBuild\Microsoft\VC\v170\fxcop.xml,Microsoft.CodeAnalysis,BoolProperty,CodeAnalysisIgnoreBuiltInRules,
C:\Program Files\Microsoft Visual Studio\18\Community\MSBuild\Microsoft\VC\v180\fxcop.xml,Microsoft.CodeAnalysis,StringProperty,CodeAnalysisCulture,
C:\Program Files\Microsoft Visual Studio\18\Community\MSBuild\Microsoft\VC\v180\fxcop.xml,Microsoft.CodeAnalysis,StringProperty,CodeAnalysisModuleSuppressionsFile,
C:\Program Files\Microsoft Visual Studio\18\Community\MSBuild\Microsoft\VC\v180\fxcop.xml,Microsoft.CodeAnalysis,StringProperty,CodeAnalysisInputAssembly,
C:\Program Files\Microsoft Visual Studio\18\Community\MSBuild\Microsoft\VC\v180\fxcop.xml,Microsoft.CodeAnalysis,StringProperty,CodeAnalysisLogFile,
C:\Program Files\Microsoft Visual Studio\18\Community\MSBuild\Microsoft\VC\v180\fxcop.xml,Microsoft.CodeAnalysis,StringProperty,CodeAnalysisRuleAssemblies,
C:\Program Files\Microsoft Visual Studio\18\Community\MSBuild\Microsoft\VC\v180\fxcop.xml,Microsoft.CodeAnalysis,StringProperty,CodeAnalysisRules,
C:\Program Files\Microsoft Visual Studio\18\Community\MSBuild\Microsoft\VC\v180\fxcop.xml,Microsoft.CodeAnalysis,StringProperty,CodeAnalysisRuleDirectories,
C:\Program Files\Microsoft Visual Studio\18\Community\MSBuild\Microsoft\VC\v180\fxcop.xml,Microsoft.CodeAnalysis,StringProperty,CodeAnalysisRuleSet,
C:\Program Files\Microsoft Visual Studio\18\Community\MSBuild\Microsoft\VC\v180\fxcop.xml,Microsoft.CodeAnalysis,StringProperty,CodeAnalysisRuleSetDirectories,
C:\Program Files\Microsoft Visual Studio\18\Community\MSBuild\Microsoft\VC\v180\fxcop.xml,Microsoft.CodeAnalysis,BoolProperty,CodeAnalysisUseTypeNameInSuppression,
C:\Program Files\Microsoft Visual Studio\18\Community\MSBuild\Microsoft\VC\v180\fxcop.xml,Microsoft.CodeAnalysis,BoolProperty,CodeAnalysisIgnoreGeneratedCode,
C:\Program Files\Microsoft Visual Studio\18\Community\MSBuild\Microsoft\VC\v180\fxcop.xml,Microsoft.CodeAnalysis,BoolProperty,RunCodeAnalysis,
C:\Program Files\Microsoft Visual Studio\18\Community\MSBuild\Microsoft\VC\v180\fxcop.xml,Microsoft.CodeAnalysis,BoolProperty,CodeAnalysisOverrideRuleVisibilities,
C:\Program Files\Microsoft Visual Studio\18\Community\MSBuild\Microsoft\VC\v180\fxcop.xml,Microsoft.CodeAnalysis,BoolProperty,CodeAnalysisFailOnMissingRules,
C:\Program Files\Microsoft Visual Studio\18\Community\MSBuild\Microsoft\VC\v180\fxcop.xml,Microsoft.CodeAnalysis,BoolProperty,CodeAnalysisIgnoreBuiltInRuleSets,
C:\Program Files\Microsoft Visual Studio\18\Community\MSBuild\Microsoft\VC\v180\fxcop.xml,Microsoft.CodeAnalysis,BoolProperty,CodeAnalysisIgnoreBuiltInRules,
C:\Program Files\Microsoft Visual Studio\18\Community\MSBuild\Microsoft\VC\v180\1033\AppHostDebugger_Local.xml,AppHostLocalDebugger,BoolProperty,DebuggerLaunchApplication,
C:\Program Files\Microsoft Visual Studio\18\Community\MSBuild\Microsoft\VC\v180\1033\AppHostDebugger_Local.xml,AppHostLocalDebugger,BoolProperty,AllowLocalNetworkLoopback,
C:\Program Files\Microsoft Visual Studio\18\Community\MSBuild\Microsoft\VC\v180\1033\AppHostDebugger_Local.xml,AppHostLocalDebugger,EnumProperty,DebuggerType,NativeOnly;ManagedCore;GPUOnly;NativeWithManagedCore
C:\Program Files\Microsoft Visual Studio\18\Community\MSBuild\Microsoft\VC\v180\1033\AppHostDebugger_Local.xml,AppHostLocalDebugger,DynamicEnumProperty,GPUDebuggerTargetType,
C:\Program Files\Microsoft Visual Studio\18\Community\MSBuild\Microsoft\VC\v180\1033\AppHostDebugger_Local.xml,AppHostLocalDebugger,EnumProperty,GPURefDebuggerBreakOnAllThreads,GPURefBreakOncePerWarp;GPURefBreakForCPUThread
C:\Program Files\Microsoft Visual Studio\18\Community\MSBuild\Microsoft\VC\v180\1033\AppHostDebugger_Local.xml,AppHostLocalDebugger,DynamicEnumProperty,DebuggerAmpDefaultAccelerator,
C:\Program Files\Microsoft Visual Studio\18\Community\MSBuild\Microsoft\VC\v180\1033\AppHostDebugger_Local.xml,AppHostLocalDebugger,StringProperty,LayoutDir,
C:\Program Files\Microsoft Visual Studio\18\Community\MSBuild\Microsoft\VC\v180\1033\AppHostDebugger_Local.xml,AppHostLocalDebugger,StringProperty,CommandLineArgs,
C:\Program Files\Microsoft Visual Studio\18\Community\MSBuild\Microsoft\VC\v180\1033\AppHostDebugger_Remote.xml,UWPRemoteDebugger,BoolProperty,DebuggerLaunchApplication,
C:\Program Files\Microsoft Visual Studio\18\Community\MSBuild\Microsoft\VC\v180\1033\AppHostDebugger_Remote.xml,UWPRemoteDebugger,BoolProperty,AllowLocalNetworkLoopback,
C:\Program Files\Microsoft Visual Studio\18\Community\MSBuild\Microsoft\VC\v180\1033\AppHostDebugger_Remote.xml,UWPRemoteDebugger,EnumProperty,DebuggerType,NativeOnly;ManagedCore;GPUOnly;NativeWithManagedCore
C:\Program Files\Microsoft Visual Studio\18\Community\MSBuild\Microsoft\VC\v180\1033\AppHostDebugger_Remote.xml,UWPRemoteDebugger,StringProperty,DebuggerMachineName,
C:\Program Files\Microsoft Visual Studio\18\Community\MSBuild\Microsoft\VC\v180\1033\AppHostDebugger_Remote.xml,UWPRemoteDebugger,EnumProperty,DebuggerRequireAuthentication,True;False;Universal
C:\Program Files\Microsoft Visual Studio\18\Community\MSBuild\Microsoft\VC\v180\1033\AppHostDebugger_Remote.xml,UWPRemoteDebugger,DynamicEnumProperty,GPUDebuggerTargetType,
C:\Program Files\Microsoft Visual Studio\18\Community\MSBuild\Microsoft\VC\v180\1033\AppHostDebugger_Remote.xml,UWPRemoteDebugger,EnumProperty,GPURefDebuggerBreakOnAllThreads,GPURefBreakOncePerWarp;GPURefBreakForCPUThread
C:\Program Files\Microsoft Visual Studio\18\Community\MSBuild\Microsoft\VC\v180\1033\AppHostDebugger_Remote.xml,UWPRemoteDebugger,BoolProperty,RemoteDebuggerDeployDebugCppRuntime,
C:\Program Files\Microsoft Visual Studio\18\Community\MSBuild\Microsoft\VC\v180\1033\AppHostDebugger_Remote.xml,UWPRemoteDebugger,DynamicEnumProperty,DebuggerAmpDefaultAccelerator,
C:\Program Files\Microsoft Visual Studio\18\Community\MSBuild\Microsoft\VC\v180\1033\AppHostDebugger_Remote.xml,UWPRemoteDebugger,StringProperty,LayoutDir,
C:\Program Files\Microsoft Visual Studio\18\Community\MSBuild\Microsoft\VC\v180\1033\AppHostDebugger_Remote.xml,UWPRemoteDebugger,EnumProperty,RemoteDeploymentType,CopyToDevice;RegisterFromNetwork
C:\Program Files\Microsoft Visual Studio\18\Community\MSBuild\Microsoft\VC\v180\1033\AppHostDebugger_Remote.xml,UWPRemoteDebugger,StringProperty,PackageRegistrationPath,
C:\Program Files\Microsoft Visual Studio\18\Community\MSBuild\Microsoft\VC\v180\1033\AppHostDebugger_Remote.xml,UWPRemoteDebugger,BoolProperty,RemoveNonLayoutFiles,
C:\Program Files\Microsoft Visual Studio\18\Community\MSBuild\Microsoft\VC\v180\1033\AppHostDebugger_Remote.xml,UWPRemoteDebugger,StringProperty,CommandLineArgs,
C:\Program Files\Microsoft Visual Studio\18\Community\MSBuild\Microsoft\VC\v180\1033\bscmake.xml,BSCMake,BoolProperty,SuppressStartupBanner,
C:\Program Files\Microsoft Visual Studio\18\Community\MSBuild\Microsoft\VC\v180\1033\bscmake.xml,BSCMake,StringProperty,OutputFile,
C:\Program Files\Microsoft Visual Studio\18\Community\MSBuild\Microsoft\VC\v180\1033\bscmake.xml,BSCMake,BoolProperty,PreserveSbr,
C:\Program Files\Microsoft Visual Studio\18\Community\MSBuild\Microsoft\VC\v180\1033\bscmake.xml,BSCMake,StringProperty,TrackerLogDirectory,
C:\Program Files\Microsoft Visual Studio\18\Community\MSBuild\Microsoft\VC\v180\1033\bscmake.xml,BSCMake,StringProperty,AdditionalOptions,
C:\Program Files\Microsoft Visual Studio\18\Community\MSBuild\Microsoft\VC\v180\1033\build_events.xml,ConfigurationBuildEvents,StringProperty,PreBuildCommand,
C:\Program Files\Microsoft Visual Studio\18\Community\MSBuild\Microsoft\VC\v180\1033\build_events.xml,ConfigurationBuildEvents,StringProperty,PreBuildMessage,
C:\Program Files\Microsoft Visual Studio\18\Community\MSBuild\Microsoft\VC\v180\1033\build_events.xml,ConfigurationBuildEvents,BoolProperty,PreBuildEventUseInBuild,
C:\Program Files\Microsoft Visual Studio\18\Community\MSBuild\Microsoft\VC\v180\1033\build_events.xml,ConfigurationBuildEvents,StringProperty,PreLinkCommand,
C:\Program Files\Microsoft Visual Studio\18\Community\MSBuild\Microsoft\VC\v180\1033\build_events.xml,ConfigurationBuildEvents,StringProperty,PreLinkMessage,
C:\Program Files\Microsoft Visual Studio\18\Community\MSBuild\Microsoft\VC\v180\1033\build_events.xml,ConfigurationBuildEvents,BoolProperty,PreLinkEventUseInBuild,
C:\Program Files\Microsoft Visual Studio\18\Community\MSBuild\Microsoft\VC\v180\1033\build_events.xml,ConfigurationBuildEvents,StringProperty,PostBuildCommand,
C:\Program Files\Microsoft Visual Studio\18\Community\MSBuild\Microsoft\VC\v180\1033\build_events.xml,ConfigurationBuildEvents,StringProperty,PostBuildMessage,
C:\Program Files\Microsoft Visual Studio\18\Community\MSBuild\Microsoft\VC\v180\1033\build_events.xml,ConfigurationBuildEvents,BoolProperty,PostBuildEventUseInBuild,
C:\Program Files\Microsoft Visual Studio\18\Community\MSBuild\Microsoft\VC\v180\1033\cl.xml,CL,StringListProperty,AdditionalIncludeDirectories,
C:\Program Files\Microsoft Visual Studio\18\Community\MSBuild\Microsoft\VC\v180\1033\cl.xml,CL,StringListProperty,AdditionalUsingDirectories,
C:\Program Files\Microsoft Visual Studio\18\Community\MSBuild\Microsoft\VC\v180\1033\cl.xml,CL,StringListProperty,AdditionalBMIDirectories,
C:\Program Files\Microsoft Visual Studio\18\Community\MSBuild\Microsoft\VC\v180\1033\cl.xml,CL,StringListProperty,AdditionalModuleDependencies,
C:\Program Files\Microsoft Visual Studio\18\Community\MSBuild\Microsoft\VC\v180\1033\cl.xml,CL,StringListProperty,AdditionalHeaderUnitDependencies,
C:\Program Files\Microsoft Visual Studio\18\Community\MSBuild\Microsoft\VC\v180\1033\cl.xml,CL,BoolProperty,ScanSourceForModuleDependencies,
C:\Program Files\Microsoft Visual Studio\18\Community\MSBuild\Microsoft\VC\v180\1033\cl.xml,CL,BoolProperty,TranslateIncludes,
C:\Program Files\Microsoft Visual Studio\18\Community\MSBuild\Microsoft\VC\v180\1033\cl.xml,CL,EnumProperty,DebugInformationFormat,None;OldStyle;ProgramDatabase;EditAndContinue
C:\Program Files\Microsoft Visual Studio\18\Community\MSBuild\Microsoft\VC\v180\1033\cl.xml,CL,BoolProperty,SupportJustMyCode,
C:\Program Files\Microsoft Visual Studio\18\Community\MSBuild\Microsoft\VC\v180\1033\cl.xml,CL,BoolProperty,UseDynamicDebugging,
C:\Program Files\Microsoft Visual Studio\18\Community\MSBuild\Microsoft\VC\v180\1033\cl.xml,CL,StringProperty,DynamicDebuggingSuffix,
C:\Program Files\Microsoft Visual Studio\18\Community\MSBuild\Microsoft\VC\v180\1033\cl.xml,CL,EnumProperty,CompileAsManaged,false;true;Pure;Safe
C:\Program Files\Microsoft Visual Studio\18\Community\MSBuild\Microsoft\VC\v180\1033\cl.xml,CL,BoolProperty,CompileAsWinRT,
C:\Program Files\Microsoft Visual Studio\18\Community\MSBuild\Microsoft\VC\v180\1033\cl.xml,CL,BoolProperty,WinRTNoStdLib,
C:\Program Files\Microsoft Visual Studio\18\Community\MSBuild\Microsoft\VC\v180\1033\cl.xml,CL,BoolProperty,SuppressStartupBanner,
C:\Program Files\Microsoft Visual Studio\18\Community\MSBuild\Microsoft\VC\v180\1033\cl.xml,CL,EnumProperty,WarningLevel,TurnOffAllWarnings;Level1;Level2;Level3;Level4;EnableAllWarnings
C:\Program Files\Microsoft Visual Studio\18\Community\MSBuild\Microsoft\VC\v180\1033\cl.xml,CL,BoolProperty,TreatWarningAsError,
C:\Program Files\Microsoft Visual Studio\18\Community\MSBuild\Microsoft\VC\v180\1033\cl.xml,CL,StringProperty,WarningVersion,
C:\Program Files\Microsoft Visual Studio\18\Community\MSBuild\Microsoft\VC\v180\1033\cl.xml,CL,EnumProperty,DiagnosticsFormat,Caret;Column;Classic
C:\Program Files\Microsoft Visual Studio\18\Community\MSBuild\Microsoft\VC\v180\1033\cl.xml,CL,BoolProperty,SDLCheck,
C:\Program Files\Microsoft Visual Studio\18\Community\MSBuild\Microsoft\VC\v180\1033\cl.xml,CL,StringProperty,TrackerLogDirectory,
C:\Program Files\Microsoft Visual Studio\18\Community\MSBuild\Microsoft\VC\v180\1033\cl.xml,CL,BoolProperty,MultiProcessorCompilation,
C:\Program Files\Microsoft Visual Studio\18\Community\MSBuild\Microsoft\VC\v180\1033\cl.xml,CL,IntProperty,ProcessorNumber,
C:\Program Files\Microsoft Visual Studio\18\Community\MSBuild\Microsoft\VC\v180\1033\cl.xml,CL,BoolProperty,ForceSynchronousPDBWrites,
C:\Program Files\Microsoft Visual Studio\18\Community\MSBuild\Microsoft\VC\v180\1033\cl.xml,CL,BoolProperty,EnableASAN,
C:\Program Files\Microsoft Visual Studio\18\Community\MSBuild\Microsoft\VC\v180\1033\cl.xml,CL,BoolProperty,EnableFuzzer,
C:\Program Files\Microsoft Visual Studio\18\Community\MSBuild\Microsoft\VC\v180\1033\cl.xml,CL,EnumProperty,Optimization,Custom;Disabled;MinSpace;MaxSpeed;Full
C:\Program Files\Microsoft Visual Studio\18\Community\MSBuild\Microsoft\VC\v180\1033\cl.xml,CL,EnumProperty,InlineFunctionExpansion,Default;Disabled;OnlyExplicitInline;AnySuitable
C:\Program Files\Microsoft Visual Studio\18\Community\MSBuild\Microsoft\VC\v180\1033\cl.xml,CL,BoolProperty,IntrinsicFunctions,
C:\Program Files\Microsoft Visual Studio\18\Community\MSBuild\Microsoft\VC\v180\1033\cl.xml,CL,EnumProperty,FavorSizeOrSpeed,Size;Speed;Neither
C:\Program Files\Microsoft Visual Studio\18\Community\MSBuild\Microsoft\VC\v180\1033\cl.xml,CL,BoolProperty,OmitFramePointers,
C:\Program Files\Microsoft Visual Studio\18\Community\MSBuild\Microsoft\VC\v180\1033\cl.xml,CL,BoolProperty,EnableFiberSafeOptimizations,
C:\Program Files\Microsoft Visual Studio\18\Community\MSBuild\Microsoft\VC\v180\1033\cl.xml,CL,BoolProperty,WholeProgramOptimization,
C:\Program Files\Microsoft Visual Studio\18\Community\MSBuild\Microsoft\VC\v180\1033\cl.xml,CL,StringListProperty,PreprocessorDefinitions,
C:\Program Files\Microsoft Visual Studio\18\Community\MSBuild\Microsoft\VC\v180\1033\cl.xml,CL,StringListProperty,UndefinePreprocessorDefinitions,
C:\Program Files\Microsoft Visual Studio\18\Community\MSBuild\Microsoft\VC\v180\1033\cl.xml,CL,BoolProperty,UndefineAllPreprocessorDefinitions,
C:\Program Files\Microsoft Visual Studio\18\Community\MSBuild\Microsoft\VC\v180\1033\cl.xml,CL,BoolProperty,IgnoreStandardIncludePath,
C:\Program Files\Microsoft Visual Studio\18\Community\MSBuild\Microsoft\VC\v180\1033\cl.xml,CL,BoolProperty,PreprocessToFile,
C:\Program Files\Microsoft Visual Studio\18\Community\MSBuild\Microsoft\VC\v180\1033\cl.xml,CL,StringProperty,PreprocessOutputPath,
C:\Program Files\Microsoft Visual Studio\18\Community\MSBuild\Microsoft\VC\v180\1033\cl.xml,CL,BoolProperty,PreprocessSuppressLineNumbers,
C:\Program Files\Microsoft Visual Studio\18\Community\MSBuild\Microsoft\VC\v180\1033\cl.xml,CL,BoolProperty,PreprocessKeepComments,
C:\Program Files\Microsoft Visual Studio\18\Community\MSBuild\Microsoft\VC\v180\1033\cl.xml,CL,BoolProperty,UseStandardPreprocessor,
C:\Program Files\Microsoft Visual Studio\18\Community\MSBuild\Microsoft\VC\v180\1033\cl.xml,CL,BoolProperty,StringPooling,
C:\Program Files\Microsoft Visual Studio\18\Community\MSBuild\Microsoft\VC\v180\1033\cl.xml,CL,BoolProperty,MinimalRebuild,
C:\Program Files\Microsoft Visual Studio\18\Community\MSBuild\Microsoft\VC\v180\1033\cl.xml,CL,EnumProperty,ExceptionHandling,Async;Sync;SyncCThrow;false
C:\Program Files\Microsoft Visual Studio\18\Community\MSBuild\Microsoft\VC\v180\1033\cl.xml,CL,BoolProperty,SmallerTypeCheck,
C:\Program Files\Microsoft Visual Studio\18\Community\MSBuild\Microsoft\VC\v180\1033\cl.xml,CL,EnumProperty,BasicRuntimeChecks,StackFrameRuntimeCheck;UninitializedLocalUsageCheck;EnableFastChecks;Default
C:\Program Files\Microsoft Visual Studio\18\Community\MSBuild\Microsoft\VC\v180\1033\cl.xml,CL,EnumProperty,RuntimeLibrary,MultiThreaded;MultiThreadedDebug;MultiThreadedDLL;MultiThreadedDebugDLL
C:\Program Files\Microsoft Visual Studio\18\Community\MSBuild\Microsoft\VC\v180\1033\cl.xml,CL,EnumProperty,StructMemberAlignment,1Byte;2Bytes;4Bytes;8Bytes;16Bytes;Default
C:\Program Files\Microsoft Visual Studio\18\Community\MSBuild\Microsoft\VC\v180\1033\cl.xml,CL,EnumProperty,BufferSecurityCheck,false;true
C:\Program Files\Microsoft Visual Studio\18\Community\MSBuild\Microsoft\VC\v180\1033\cl.xml,CL,EnumProperty,ControlFlowGuard,Guard;false
C:\Program Files\Microsoft Visual Studio\18\Community\MSBuild\Microsoft\VC\v180\1033\cl.xml,CL,BoolProperty,FunctionLevelLinking,
C:\Program Files\Microsoft Visual Studio\18\Community\MSBuild\Microsoft\VC\v180\1033\cl.xml,CL,BoolProperty,EnableParallelCodeGeneration,
C:\Program Files\Microsoft Visual Studio\18\Community\MSBuild\Microsoft\VC\v180\1033\cl.xml,CL,EnumProperty,EnableEnhancedInstructionSet,StreamingSIMDExtensions;StreamingSIMDExtensions2;AdvancedVectorExtensions;AdvancedVectorExtensions2;AdvancedVectorExtensions512;AdvancedVectorExtensions101;AdvancedVectorExtensions102;VirtualizationExtensions;ARMVFPv4Instructions;CPUExtensionRequirementsARMv80;CPUExtensionRequirementsARMv81;CPUExtensionRequirementsARMv82;CPUExtensionRequirementsARMv83;CPUExtensionRequirementsARMv84;CPUExtensionRequirementsARMv85;CPUExtensionRequirementsARMv86;CPUExtensionRequirementsARMv87;CPUExtensionRequirementsARMv88;NoExtensions;NotSet
C:\Program Files\Microsoft Visual Studio\18\Community\MSBuild\Microsoft\VC\v180\1033\cl.xml,CL,EnumProperty,EnableVectorLength,NotSet;VectorLength256;VectorLength512
C:\Program Files\Microsoft Visual Studio\18\Community\MSBuild\Microsoft\VC\v180\1033\cl.xml,CL,EnumProperty,FloatingPointModel,Precise;Strict;Fast;Default
C:\Program Files\Microsoft Visual Studio\18\Community\MSBuild\Microsoft\VC\v180\1033\cl.xml,CL,BoolProperty,FloatingPointExceptions,
C:\Program Files\Microsoft Visual Studio\18\Community\MSBuild\Microsoft\VC\v180\1033\cl.xml,CL,BoolProperty,CreateHotpatchableImage,
C:\Program Files\Microsoft Visual Studio\18\Community\MSBuild\Microsoft\VC\v180\1033\cl.xml,CL,EnumProperty,SpectreMitigation,Spectre;SpectreLoad;SpectreLoadCF;false
C:\Program Files\Microsoft Visual Studio\18\Community\MSBuild\Microsoft\VC\v180\1033\cl.xml,CL,BoolProperty,IntelJCCErratum,
C:\Program Files\Microsoft Visual Studio\18\Community\MSBuild\Microsoft\VC\v180\1033\cl.xml,CL,BoolProperty,GuardEHContMetadata,
C:\Program Files\Microsoft Visual Studio\18\Community\MSBuild\Microsoft\VC\v180\1033\cl.xml,CL,BoolProperty,GuardSignedReturns,
C:\Program Files\Microsoft Visual Studio\18\Community\MSBuild\Microsoft\VC\v180\1033\cl.xml,CL,BoolProperty,DisableLanguageExtensions,
C:\Program Files\Microsoft Visual Studio\18\Community\MSBuild\Microsoft\VC\v180\1033\cl.xml,CL,BoolProperty,TreatWChar_tAsBuiltInType,
C:\Program Files\Microsoft Visual Studio\18\Community\MSBuild\Microsoft\VC\v180\1033\cl.xml,CL,BoolProperty,ForceConformanceInForLoopScope,
C:\Program Files\Microsoft Visual Studio\18\Community\MSBuild\Microsoft\VC\v180\1033\cl.xml,CL,BoolProperty,RemoveUnreferencedCodeData,
C:\Program Files\Microsoft Visual Studio\18\Community\MSBuild\Microsoft\VC\v180\1033\cl.xml,CL,BoolProperty,EnforceTypeConversionRules,
C:\Program Files\Microsoft Visual Studio\18\Community\MSBuild\Microsoft\VC\v180\1033\cl.xml,CL,BoolProperty,RuntimeTypeInfo,
C:\Program Files\Microsoft Visual Studio\18\Community\MSBuild\Microsoft\VC\v180\1033\cl.xml,CL,BoolProperty,OpenMPSupport,
C:\Program Files\Microsoft Visual Studio\18\Community\MSBuild\Microsoft\VC\v180\1033\cl.xml,CL,EnumProperty,LanguageStandard,Default;stdcpp14;stdcpp17;stdcpp20;stdcpp23;stdcpplatest
C:\Program Files\Microsoft Visual Studio\18\Community\MSBuild\Microsoft\VC\v180\1033\cl.xml,CL,EnumProperty,LanguageStandard_C,Default;stdc11;stdc17;stdclatest
C:\Program Files\Microsoft Visual Studio\18\Community\MSBuild\Microsoft\VC\v180\1033\cl.xml,CL,EnumProperty,ConformanceMode,Default;true;false
C:\Program Files\Microsoft Visual Studio\18\Community\MSBuild\Microsoft\VC\v180\1033\cl.xml,CL,BoolProperty,EnableModules,
C:\Program Files\Microsoft Visual Studio\18\Community\MSBuild\Microsoft\VC\v180\1033\cl.xml,CL,StringListProperty,StdIfcDirectory,
C:\Program Files\Microsoft Visual Studio\18\Community\MSBuild\Microsoft\VC\v180\1033\cl.xml,CL,BoolProperty,BuildStlModules,
C:\Program Files\Microsoft Visual Studio\18\Community\MSBuild\Microsoft\VC\v180\1033\cl.xml,CL,EnumProperty,PrecompiledHeader,Create;Use;NotUsing
C:\Program Files\Microsoft Visual Studio\18\Community\MSBuild\Microsoft\VC\v180\1033\cl.xml,CL,StringProperty,PrecompiledHeaderFile,
C:\Program Files\Microsoft Visual Studio\18\Community\MSBuild\Microsoft\VC\v180\1033\cl.xml,CL,StringProperty,PrecompiledHeaderOutputFile,
C:\Program Files\Microsoft Visual Studio\18\Community\MSBuild\Microsoft\VC\v180\1033\cl.xml,CL,BoolProperty,ExpandAttributedSource,
C:\Program Files\Microsoft Visual Studio\18\Community\MSBuild\Microsoft\VC\v180\1033\cl.xml,CL,EnumProperty,AssemblerOutput,NoListing;AssemblyCode;AssemblyAndMachineCode;AssemblyAndSourceCode;All
C:\Program Files\Microsoft Visual Studio\18\Community\MSBuild\Microsoft\VC\v180\1033\cl.xml,CL,BoolProperty,UseUnicodeForAssemblerListing,
C:\Program Files\Microsoft Visual Studio\18\Community\MSBuild\Microsoft\VC\v180\1033\cl.xml,CL,StringProperty,AssemblerListingLocation,
C:\Program Files\Microsoft Visual Studio\18\Community\MSBuild\Microsoft\VC\v180\1033\cl.xml,CL,StringProperty,ModuleOutputFile,
C:\Program Files\Microsoft Visual Studio\18\Community\MSBuild\Microsoft\VC\v180\1033\cl.xml,CL,BoolProperty,GenerateModuleDependencies,
C:\Program Files\Microsoft Visual Studio\18\Community\MSBuild\Microsoft\VC\v180\1033\cl.xml,CL,StringProperty,ModuleDependenciesFile,
C:\Program Files\Microsoft Visual Studio\18\Community\MSBuild\Microsoft\VC\v180\1033\cl.xml,CL,StringProperty,ObjectFileName,
C:\Program Files\Microsoft Visual Studio\18\Community\MSBuild\Microsoft\VC\v180\1033\cl.xml,CL,StringProperty,ProgramDataBaseFileName,
C:\Program Files\Microsoft Visual Studio\18\Community\MSBuild\Microsoft\VC\v180\1033\cl.xml,CL,BoolProperty,GenerateXMLDocumentationFiles,
C:\Program Files\Microsoft Visual Studio\18\Community\MSBuild\Microsoft\VC\v180\1033\cl.xml,CL,StringProperty,XMLDocumentationFileName,
C:\Program Files\Microsoft Visual Studio\18\Community\MSBuild\Microsoft\VC\v180\1033\cl.xml,CL,BoolProperty,GenerateSourceDependencies,
C:\Program Files\Microsoft Visual Studio\18\Community\MSBuild\Microsoft\VC\v180\1033\cl.xml,CL,StringProperty,SourceDependenciesFile,
C:\Program Files\Microsoft Visual Studio\18\Community\MSBuild\Microsoft\VC\v180\1033\cl.xml,CL,BoolProperty,BrowseInformation,
C:\Program Files\Microsoft Visual Studio\18\Community\MSBuild\Microsoft\VC\v180\1033\cl.xml,CL,StringProperty,BrowseInformationFile,
C:\Program Files\Microsoft Visual Studio\18\Community\MSBuild\Microsoft\VC\v180\1033\cl.xml,CL,StringListProperty,ExternalDirectoriesEnv,
C:\Program Files\Microsoft Visual Studio\18\Community\MSBuild\Microsoft\VC\v180\1033\cl.xml,CL,BoolProperty,TreatAngleIncludeAsExternal,
C:\Program Files\Microsoft Visual Studio\18\Community\MSBuild\Microsoft\VC\v180\1033\cl.xml,CL,EnumProperty,ExternalWarningLevel,TurnOffAllWarnings;Level1;Level2;Level3;Level4;InheritWarningLevel
C:\Program Files\Microsoft Visual Studio\18\Community\MSBuild\Microsoft\VC\v180\1033\cl.xml,CL,BoolProperty,ExternalTemplatesDiagnostics,
C:\Program Files\Microsoft Visual Studio\18\Community\MSBuild\Microsoft\VC\v180\1033\cl.xml,CL,BoolProperty,DisableAnalyzeExternal,
C:\Program Files\Microsoft Visual Studio\18\Community\MSBuild\Microsoft\VC\v180\1033\cl.xml,CL,DynamicEnumProperty,AnalyzeExternalRuleset,
C:\Program Files\Microsoft Visual Studio\18\Community\MSBuild\Microsoft\VC\v180\1033\cl.xml,CL,EnumProperty,CallingConvention,Cdecl;FastCall;StdCall;VectorCall
C:\Program Files\Microsoft Visual Studio\18\Community\MSBuild\Microsoft\VC\v180\1033\cl.xml,CL,EnumProperty,CompileAs,Default;CompileAsC;CompileAsCpp;CompileAsCppModule;CompileAsCppModuleInternalPartition;CompileAsHeaderUnit
C:\Program Files\Microsoft Visual Studio\18\Community\MSBuild\Microsoft\VC\v180\1033\cl.xml,CL,StringListProperty,DisableSpecificWarnings,
C:\Program Files\Microsoft Visual Studio\18\Community\MSBuild\Microsoft\VC\v180\1033\cl.xml,CL,StringListProperty,ForcedIncludeFiles,
C:\Program Files\Microsoft Visual Studio\18\Community\MSBuild\Microsoft\VC\v180\1033\cl.xml,CL,StringListProperty,ForcedUsingFiles,
C:\Program Files\Microsoft Visual Studio\18\Community\MSBuild\Microsoft\VC\v180\1033\cl.xml,CL,BoolProperty,ShowIncludes,
C:\Program Files\Microsoft Visual Studio\18\Community\MSBuild\Microsoft\VC\v180\1033\cl.xml,CL,BoolProperty,EnablePREfast,
C:\Program Files\Microsoft Visual Studio\18\Community\MSBuild\Microsoft\VC\v180\1033\cl.xml,CL,StringProperty,PREfastLog,
C:\Program Files\Microsoft Visual Studio\18\Community\MSBuild\Microsoft\VC\v180\1033\cl.xml,CL,StringProperty,PREfastProjectDirectory,
C:\Program Files\Microsoft Visual Studio\18\Community\MSBuild\Microsoft\VC\v180\1033\cl.xml,CL,StringProperty,PREfastRulesetDirectories,
C:\Program Files\Microsoft Visual Studio\18\Community\MSBuild\Microsoft\VC\v180\1033\cl.xml,CL,StringProperty,PREfastRulesetFile,
C:\Program Files\Microsoft Visual Studio\18\Community\MSBuild\Microsoft\VC\v180\1033\cl.xml,CL,StringListProperty,PREfastAdditionalOptions,
C:\Program Files\Microsoft Visual Studio\18\Community\MSBuild\Microsoft\VC\v180\1033\cl.xml,CL,StringListProperty,PREfastAdditionalPlugins,
C:\Program Files\Microsoft Visual Studio\18\Community\MSBuild\Microsoft\VC\v180\1033\cl.xml,CL,BoolProperty,UseFullPaths,
C:\Program Files\Microsoft Visual Studio\18\Community\MSBuild\Microsoft\VC\v180\1033\cl.xml,CL,BoolProperty,OmitDefaultLibName,
C:\Program Files\Microsoft Visual Studio\18\Community\MSBuild\Microsoft\VC\v180\1033\cl.xml,CL,EnumProperty,ErrorReporting,None;Prompt;Queue;Send
C:\Program Files\Microsoft Visual Studio\18\Community\MSBuild\Microsoft\VC\v180\1033\cl.xml,CL,StringListProperty,TreatSpecificWarningsAsErrors,
C:\Program Files\Microsoft Visual Studio\18\Community\MSBuild\Microsoft\VC\v180\1033\cl.xml,CL,StringProperty,AdditionalOptions,
C:\Program Files\Microsoft Visual Studio\18\Community\MSBuild\Microsoft\VC\v180\1033\cl.xml,CL,BoolProperty,BuildingInIde,
C:\Program Files\Microsoft Visual Studio\18\Community\MSBuild\Microsoft\VC\v180\1033\clang.xml,CL,BoolProperty,MSVCErrorReport,
C:\Program Files\Microsoft Visual Studio\18\Community\MSBuild\Microsoft\VC\v180\1033\clang.xml,CL,StringProperty,GccToolChain,
C:\Program Files\Microsoft Visual Studio\18\Community\MSBuild\Microsoft\VC\v180\1033\clang.xml,CL,StringProperty,TargetArch,
C:\Program Files\Microsoft Visual Studio\18\Community\MSBuild\Microsoft\VC\v180\1033\clang.xml,CL,StringProperty,Sysroot,
C:\Program Files\Microsoft Visual Studio\18\Community\MSBuild\Microsoft\VC\v180\1033\clang.xml,CL,StringListProperty,ISystem,
C:\Program Files\Microsoft Visual Studio\18\Community\MSBuild\Microsoft\VC\v180\1033\clang.xml,CL,StringListProperty,AdditionalIncludeDirectories,
C:\Program Files\Microsoft Visual Studio\18\Community\MSBuild\Microsoft\VC\v180\1033\clang.xml,CL,EnumProperty,DebugInformationFormat,None;FullDebug;LineNumber
C:\Program Files\Microsoft Visual Studio\18\Community\MSBuild\Microsoft\VC\v180\1033\clang.xml,CL,StringProperty,ObjectFileName,
C:\Program Files\Microsoft Visual Studio\18\Community\MSBuild\Microsoft\VC\v180\1033\clang.xml,CL,EnumProperty,WarningLevel,TurnOffAllWarnings;EnableAllWarnings
C:\Program Files\Microsoft Visual Studio\18\Community\MSBuild\Microsoft\VC\v180\1033\clang.xml,CL,BoolProperty,TreatWarningAsError,
C:\Program Files\Microsoft Visual Studio\18\Community\MSBuild\Microsoft\VC\v180\1033\clang.xml,CL,BoolProperty,Verbose,
C:\Program Files\Microsoft Visual Studio\18\Community\MSBuild\Microsoft\VC\v180\1033\clang.xml,CL,StringProperty,TrackerLogDirectory,
C:\Program Files\Microsoft Visual Studio\18\Community\MSBuild\Microsoft\VC\v180\1033\clang.xml,CL,EnumProperty,Optimization,Custom;Disabled;MinSize;MaxSpeed;Full
C:\Program Files\Microsoft Visual Studio\18\Community\MSBuild\Microsoft\VC\v180\1033\clang.xml,CL,BoolProperty,StrictAliasing,
C:\Program Files\Microsoft Visual Studio\18\Community\MSBuild\Microsoft\VC\v180\1033\clang.xml,CL,EnumProperty,ThumbMode,Thumb;ARM;Disabled
C:\Program Files\Microsoft Visual Studio\18\Community\MSBuild\Microsoft\VC\v180\1033\clang.xml,CL,BoolProperty,OmitFramePointers,
C:\Program Files\Microsoft Visual Studio\18\Community\MSBuild\Microsoft\VC\v180\1033\clang.xml,CL,EnumProperty,ExceptionHandling,Disabled;Enabled;UnwindTables
C:\Program Files\Microsoft Visual Studio\18\Community\MSBuild\Microsoft\VC\v180\1033\clang.xml,CL,BoolProperty,FunctionLevelLinking,
C:\Program Files\Microsoft Visual Studio\18\Community\MSBuild\Microsoft\VC\v180\1033\clang.xml,CL,BoolProperty,DataLevelLinking,
C:\Program Files\Microsoft Visual Studio\18\Community\MSBuild\Microsoft\VC\v180\1033\clang.xml,CL,BoolProperty,EnableNeonCodegen,
C:\Program Files\Microsoft Visual Studio\18\Community\MSBuild\Microsoft\VC\v180\1033\clang.xml,CL,EnumProperty,FloatABI,soft;softfp;hard
C:\Program Files\Microsoft Visual Studio\18\Community\MSBuild\Microsoft\VC\v180\1033\clang.xml,CL,EnumProperty,BufferSecurityCheck,false;true
C:\Program Files\Microsoft Visual Studio\18\Community\MSBuild\Microsoft\VC\v180\1033\clang.xml,CL,BoolProperty,PositionIndependentCode,
C:\Program Files\Microsoft Visual Studio\18\Community\MSBuild\Microsoft\VC\v180\1033\clang.xml,CL,BoolProperty,UseShortEnums,
C:\Program Files\Microsoft Visual Studio\18\Community\MSBuild\Microsoft\VC\v180\1033\clang.xml,CL,EnumProperty,RuntimeLibrary,MultiThreaded;MultiThreadedDebug;MultiThreadedDLL;MultiThreadedDebugDLL
C:\Program Files\Microsoft Visual Studio\18\Community\MSBuild\Microsoft\VC\v180\1033\clang.xml,CL,BoolProperty,RuntimeTypeInfo,
C:\Program Files\Microsoft Visual Studio\18\Community\MSBuild\Microsoft\VC\v180\1033\clang.xml,CL,EnumProperty,CLanguageStandard,Default;c89;c99;c11;gnu99;gnu11
C:\Program Files\Microsoft Visual Studio\18\Community\MSBuild\Microsoft\VC\v180\1033\clang.xml,CL,EnumProperty,CppLanguageStandard,Default;c++98;c++11;c++14;c++1z;gnu++98;gnu++11;gnu++14;gnu++1z
C:\Program Files\Microsoft Visual Studio\18\Community\MSBuild\Microsoft\VC\v180\1033\clang.xml,CL,StringListProperty,PreprocessorDefinitions,
C:\Program Files\Microsoft Visual Studio\18\Community\MSBuild\Microsoft\VC\v180\1033\clang.xml,CL,StringListProperty,UndefinePreprocessorDefinitions,
C:\Program Files\Microsoft Visual Studio\18\Community\MSBuild\Microsoft\VC\v180\1033\clang.xml,CL,BoolProperty,UndefineAllPreprocessorDefinitions,
C:\Program Files\Microsoft Visual Studio\18\Community\MSBuild\Microsoft\VC\v180\1033\clang.xml,CL,BoolProperty,ShowIncludes,
C:\Program Files\Microsoft Visual Studio\18\Community\MSBuild\Microsoft\VC\v180\1033\clang.xml,CL,EnumProperty,PrecompiledHeader,Use;NotUsing
C:\Program Files\Microsoft Visual Studio\18\Community\MSBuild\Microsoft\VC\v180\1033\clang.xml,CL,StringProperty,PrecompiledHeaderFile,
C:\Program Files\Microsoft Visual Studio\18\Community\MSBuild\Microsoft\VC\v180\1033\clang.xml,CL,StringProperty,PrecompiledHeaderOutputFileDirectory,
C:\Program Files\Microsoft Visual Studio\18\Community\MSBuild\Microsoft\VC\v180\1033\clang.xml,CL,EnumProperty,PrecompiledHeaderCompileAs,CompileAsC;CompileAsCpp
C:\Program Files\Microsoft Visual Studio\18\Community\MSBuild\Microsoft\VC\v180\1033\clang.xml,CL,EnumProperty,CompileAs,Default;CompileAsC;CompileAsCpp
C:\Program Files\Microsoft Visual Studio\18\Community\MSBuild\Microsoft\VC\v180\1033\clang.xml,CL,StringListProperty,ForcedIncludeFiles,
C:\Program Files\Microsoft Visual Studio\18\Community\MSBuild\Microsoft\VC\v180\1033\clang.xml,CL,BoolProperty,UseMultiToolTask,
C:\Program Files\Microsoft Visual Studio\18\Community\MSBuild\Microsoft\VC\v180\1033\clang.xml,CL,BoolProperty,MSCompatibility,
C:\Program Files\Microsoft Visual Studio\18\Community\MSBuild\Microsoft\VC\v180\1033\clang.xml,CL,StringProperty,MSCompatibilityVersion,
C:\Program Files\Microsoft Visual Studio\18\Community\MSBuild\Microsoft\VC\v180\1033\clang.xml,CL,BoolProperty,MSExtensions,
C:\Program Files\Microsoft Visual Studio\18\Community\MSBuild\Microsoft\VC\v180\1033\clang.xml,CL,StringProperty,MSCompilerVersion,
C:\Program Files\Microsoft Visual Studio\18\Community\MSBuild\Microsoft\VC\v180\1033\clang.xml,CL,StringProperty,AdditionalOptions,
C:\Program Files\Microsoft Visual Studio\18\Community\MSBuild\Microsoft\VC\v180\1033\clang.xml,CL,BoolProperty,BuildingInIde,
C:\Program Files\Microsoft Visual Studio\18\Community\MSBuild\Microsoft\VC\v180\1033\clangtidy.xml,Microsoft.CodeAnalysis.ClangTidy,StringProperty,ClangTidyChecks,
C:\Program Files\Microsoft Visual Studio\18\Community\MSBuild\Microsoft\VC\v180\1033\clangtidy.xml,Microsoft.CodeAnalysis.ClangTidy,StringProperty,ClangTidyExtraArgs,
C:\Program Files\Microsoft Visual Studio\18\Community\MSBuild\Microsoft\VC\v180\1033\clangtidy.xml,Microsoft.CodeAnalysis.ClangTidy,StringProperty,ClangTidyPrependExtraArgs,
C:\Program Files\Microsoft Visual Studio\18\Community\MSBuild\Microsoft\VC\v180\1033\clangtidy.xml,Microsoft.CodeAnalysis.ClangTidy,StringProperty,ClangTidyToolPath,
C:\Program Files\Microsoft Visual Studio\18\Community\MSBuild\Microsoft\VC\v180\1033\clangtidy.xml,Microsoft.CodeAnalysis.ClangTidy,StringProperty,MaxNumberOfProcesses,
C:\Program Files\Microsoft Visual Studio\18\Community\MSBuild\Microsoft\VC\v180\1033\cl_nmake.xml,CL,StringListProperty,PreprocessorDefinitions,
C:\Program Files\Microsoft Visual Studio\18\Community\MSBuild\Microsoft\VC\v180\1033\cl_nmake.xml,CL,StringListProperty,AdditionalIncludeDirectories,
C:\Program Files\Microsoft Visual Studio\18\Community\MSBuild\Microsoft\VC\v180\1033\cl_nmake.xml,CL,StringListProperty,ForcedIncludeFiles,
C:\Program Files\Microsoft Visual Studio\18\Community\MSBuild\Microsoft\VC\v180\1033\cl_nmake.xml,CL,StringListProperty,AdditionalUsingDirectories,
C:\Program Files\Microsoft Visual Studio\18\Community\MSBuild\Microsoft\VC\v180\1033\cl_nmake.xml,CL,StringListProperty,ForcedUsingFiles,
C:\Program Files\Microsoft Visual Studio\18\Community\MSBuild\Microsoft\VC\v180\1033\cl_nmake.xml,CL,StringProperty,AdditionalOptions,
C:\Program Files\Microsoft Visual Studio\18\Community\MSBuild\Microsoft\VC\v180\1033\code_analysis.xml,CodeAnalysis,BoolProperty,RunCodeAnalysis,
C:\Program Files\Microsoft Visual Studio\18\Community\MSBuild\Microsoft\VC\v180\1033\code_analysis.xml,CodeAnalysis,BoolProperty,EnableMicrosoftCodeAnalysis,
C:\Program Files\Microsoft Visual Studio\18\Community\MSBuild\Microsoft\VC\v180\1033\code_analysis.xml,CodeAnalysis,BoolProperty,EnableClangTidyCodeAnalysis,
C:\Program Files\Microsoft Visual Studio\18\Community\MSBuild\Microsoft\VC\v180\1033\copy_file.xml,CopyFile,StringListProperty,DestinationFolders,
C:\Program Files\Microsoft Visual Studio\18\Community\MSBuild\Microsoft\VC\v180\1033\copy_file.xml,CopyFile,StringProperty,DestinationFileName,
C:\Program Files\Microsoft Visual Studio\18\Community\MSBuild\Microsoft\VC\v180\1033\copy_file.xml,CopyFile,BoolProperty,TreatOutputAsContent,
C:\Program Files\Microsoft Visual Studio\18\Community\MSBuild\Microsoft\VC\v180\1033\copy_file.xml,CopyFile,StringProperty,RootFolder,
C:\Program Files\Microsoft Visual Studio\18\Community\MSBuild\Microsoft\VC\v180\1033\copy_file.xml,CopyFile,DynamicEnumProperty,CopyFileAfterTargets,
C:\Program Files\Microsoft Visual Studio\18\Community\MSBuild\Microsoft\VC\v180\1033\copy_file.xml,CopyFile,DynamicEnumProperty,CopyFileBeforeTargets,
C:\Program Files\Microsoft Visual Studio\18\Community\MSBuild\Microsoft\VC\v180\1033\custom_build_step.xml,ConfigurationCustomBuildStep,StringProperty,Command,
C:\Program Files\Microsoft Visual Studio\18\Community\MSBuild\Microsoft\VC\v180\1033\custom_build_step.xml,ConfigurationCustomBuildStep,StringProperty,Message,
C:\Program Files\Microsoft Visual Studio\18\Community\MSBuild\Microsoft\VC\v180\1033\custom_build_step.xml,ConfigurationCustomBuildStep,StringListProperty,Outputs,
C:\Program Files\Microsoft Visual Studio\18\Community\MSBuild\Microsoft\VC\v180\1033\custom_build_step.xml,ConfigurationCustomBuildStep,StringListProperty,Inputs,
C:\Program Files\Microsoft Visual Studio\18\Community\MSBuild\Microsoft\VC\v180\1033\custom_build_step.xml,ConfigurationCustomBuildStep,BoolProperty,TreatOutputAsContent,
C:\Program Files\Microsoft Visual Studio\18\Community\MSBuild\Microsoft\VC\v180\1033\custom_build_step.xml,ConfigurationCustomBuildStep,StringProperty,RootFolder,
C:\Program Files\Microsoft Visual Studio\18\Community\MSBuild\Microsoft\VC\v180\1033\custom_build_step.xml,ConfigurationCustomBuildStep,DynamicEnumProperty,CustomBuildAfterTargets,
C:\Program Files\Microsoft Visual Studio\18\Community\MSBuild\Microsoft\VC\v180\1033\custom_build_step.xml,ConfigurationCustomBuildStep,DynamicEnumProperty,CustomBuildBeforeTargets,
C:\Program Files\Microsoft Visual Studio\18\Community\MSBuild\Microsoft\VC\v180\1033\custom_build_tool.xml,ConfigurationCustomBuildTool,StringProperty,Command,
C:\Program Files\Microsoft Visual Studio\18\Community\MSBuild\Microsoft\VC\v180\1033\custom_build_tool.xml,ConfigurationCustomBuildTool,StringProperty,Message,
C:\Program Files\Microsoft Visual Studio\18\Community\MSBuild\Microsoft\VC\v180\1033\custom_build_tool.xml,ConfigurationCustomBuildTool,StringListProperty,Outputs,
C:\Program Files\Microsoft Visual Studio\18\Community\MSBuild\Microsoft\VC\v180\1033\custom_build_tool.xml,ConfigurationCustomBuildTool,StringListProperty,AdditionalInputs,
C:\Program Files\Microsoft Visual Studio\18\Community\MSBuild\Microsoft\VC\v180\1033\custom_build_tool.xml,ConfigurationCustomBuildTool,BoolProperty,VerifyInputsAndOutputsExist,
C:\Program Files\Microsoft Visual Studio\18\Community\MSBuild\Microsoft\VC\v180\1033\custom_build_tool.xml,ConfigurationCustomBuildTool,BoolProperty,LinkObjects,
C:\Program Files\Microsoft Visual Studio\18\Community\MSBuild\Microsoft\VC\v180\1033\custom_build_tool.xml,ConfigurationCustomBuildTool,DynamicEnumProperty,OutputItemType,
C:\Program Files\Microsoft Visual Studio\18\Community\MSBuild\Microsoft\VC\v180\1033\custom_build_tool.xml,ConfigurationCustomBuildTool,BoolProperty,TreatOutputAsContent,
C:\Program Files\Microsoft Visual Studio\18\Community\MSBuild\Microsoft\VC\v180\1033\custom_build_tool.xml,ConfigurationCustomBuildTool,StringProperty,RootFolder,
C:\Program Files\Microsoft Visual Studio\18\Community\MSBuild\Microsoft\VC\v180\1033\custom_build_tool.xml,ConfigurationCustomBuildTool,BoolProperty,BuildInParallel,
C:\Program Files\Microsoft Visual Studio\18\Community\MSBuild\Microsoft\VC\v180\1033\custom_build_tool.xml,ConfigurationCustomBuildTool,IntProperty,MaxProcesses,
C:\Program Files\Microsoft Visual Studio\18\Community\MSBuild\Microsoft\VC\v180\1033\custom_build_tool.xml,ConfigurationCustomBuildTool,IntProperty,MaxItemsInBatch,
C:\Program Files\Microsoft Visual Studio\18\Community\MSBuild\Microsoft\VC\v180\1033\custom_build_tool.xml,ConfigurationCustomBuildTool,DynamicEnumProperty,CustomBuildAfterTargets,
C:\Program Files\Microsoft Visual Studio\18\Community\MSBuild\Microsoft\VC\v180\1033\custom_build_tool.xml,ConfigurationCustomBuildTool,DynamicEnumProperty,CustomBuildBeforeTargets,
C:\Program Files\Microsoft Visual Studio\18\Community\MSBuild\Microsoft\VC\v180\1033\debugger_general.xml,DebuggerGeneralProperties,StringProperty,SymbolsPath,
C:\Program Files\Microsoft Visual Studio\18\Community\MSBuild\Microsoft\VC\v180\1033\debugger_general.xml,DebuggerGeneralProperties,StringProperty,DebuggerFlavor,
C:\Program Files\Microsoft Visual Studio\18\Community\MSBuild\Microsoft\VC\v180\1033\debugger_general.xml,DebuggerGeneralProperties,EnumProperty,ImageClrType,Native;Mixed;Managed
C:\Program Files\Microsoft Visual Studio\18\Community\MSBuild\Microsoft\VC\v180\1033\debugger_local_windows.xml,WindowsLocalDebugger,StringProperty,LocalDebuggerCommand,
C:\Program Files\Microsoft Visual Studio\18\Community\MSBuild\Microsoft\VC\v180\1033\debugger_local_windows.xml,WindowsLocalDebugger,StringProperty,LocalDebuggerCommandArguments,
C:\Program Files\Microsoft Visual Studio\18\Community\MSBuild\Microsoft\VC\v180\1033\debugger_local_windows.xml,WindowsLocalDebugger,StringListProperty,LocalDebuggerCommandArgumentsHistory,
C:\Program Files\Microsoft Visual Studio\18\Community\MSBuild\Microsoft\VC\v180\1033\debugger_local_windows.xml,WindowsLocalDebugger,StringProperty,LocalDebuggerWorkingDirectory,
C:\Program Files\Microsoft Visual Studio\18\Community\MSBuild\Microsoft\VC\v180\1033\debugger_local_windows.xml,WindowsLocalDebugger,BoolProperty,LocalDebuggerAttach,
C:\Program Files\Microsoft Visual Studio\18\Community\MSBuild\Microsoft\VC\v180\1033\debugger_local_windows.xml,WindowsLocalDebugger,EnumProperty,LocalDebuggerDebuggerType,NativeOnly;ManagedOnly;Mixed;ManagedCore;NativeWithManagedCore;Auto;GPUOnly;JavaScriptForWebView2
C:\Program Files\Microsoft Visual Studio\18\Community\MSBuild\Microsoft\VC\v180\1033\debugger_local_windows.xml,WindowsLocalDebugger,StringListProperty,LocalDebuggerEnvironment,
C:\Program Files\Microsoft Visual Studio\18\Community\MSBuild\Microsoft\VC\v180\1033\debugger_local_windows.xml,WindowsLocalDebugger,DynamicEnumProperty,LocalGPUDebuggerTargetType,
C:\Program Files\Microsoft Visual Studio\18\Community\MSBuild\Microsoft\VC\v180\1033\debugger_local_windows.xml,WindowsLocalDebugger,EnumProperty,GPURefDebuggerBreakOnAllThreads,GPURefBreakOncePerWarp;GPURefBreakForCPUThread
C:\Program Files\Microsoft Visual Studio\18\Community\MSBuild\Microsoft\VC\v180\1033\debugger_local_windows.xml,WindowsLocalDebugger,BoolProperty,LocalDebuggerMergeEnvironment,
C:\Program Files\Microsoft Visual Studio\18\Community\MSBuild\Microsoft\VC\v180\1033\debugger_local_windows.xml,WindowsLocalDebugger,BoolProperty,LocalDebuggerSQLDebugging,
C:\Program Files\Microsoft Visual Studio\18\Community\MSBuild\Microsoft\VC\v180\1033\debugger_local_windows.xml,WindowsLocalDebugger,DynamicEnumProperty,LocalDebuggerAmpDefaultAccelerator,
C:\Program Files\Microsoft Visual Studio\18\Community\MSBuild\Microsoft\VC\v180\1033\debugger_local_windows.xml,WindowsLocalDebugger,BoolProperty,UseLegacyManagedDebugger,
C:\Program Files\Microsoft Visual Studio\18\Community\MSBuild\Microsoft\VC\v180\1033\debugger_remote_windows.xml,WindowsRemoteDebugger,StringProperty,RemoteDebuggerCommand,
C:\Program Files\Microsoft Visual Studio\18\Community\MSBuild\Microsoft\VC\v180\1033\debugger_remote_windows.xml,WindowsRemoteDebugger,StringProperty,RemoteDebuggerCommandArguments,
C:\Program Files\Microsoft Visual Studio\18\Community\MSBuild\Microsoft\VC\v180\1033\debugger_remote_windows.xml,WindowsRemoteDebugger,StringListProperty,RemoteDebuggerCommandArgumentsHistory,
C:\Program Files\Microsoft Visual Studio\18\Community\MSBuild\Microsoft\VC\v180\1033\debugger_remote_windows.xml,WindowsRemoteDebugger,StringProperty,RemoteDebuggerWorkingDirectory,
C:\Program Files\Microsoft Visual Studio\18\Community\MSBuild\Microsoft\VC\v180\1033\debugger_remote_windows.xml,WindowsRemoteDebugger,StringProperty,RemoteDebuggerServerName,
C:\Program Files\Microsoft Visual Studio\18\Community\MSBuild\Microsoft\VC\v180\1033\debugger_remote_windows.xml,WindowsRemoteDebugger,EnumProperty,RemoteDebuggerConnection,RemoteWithAuthentication;RemoteWithoutAuthentication
C:\Program Files\Microsoft Visual Studio\18\Community\MSBuild\Microsoft\VC\v180\1033\debugger_remote_windows.xml,WindowsRemoteDebugger,EnumProperty,RemoteDebuggerDebuggerType,NativeOnly;ManagedOnly;Mixed;ManagedCore;NativeWithManagedCore;Auto;GPUOnly;JavaScriptForWebView2
C:\Program Files\Microsoft Visual Studio\18\Community\MSBuild\Microsoft\VC\v180\1033\debugger_remote_windows.xml,WindowsRemoteDebugger,StringListProperty,RemoteDebuggerEnvironment,
C:\Program Files\Microsoft Visual Studio\18\Community\MSBuild\Microsoft\VC\v180\1033\debugger_remote_windows.xml,WindowsRemoteDebugger,DynamicEnumProperty,RemoteGPUDebuggerTargetType,
C:\Program Files\Microsoft Visual Studio\18\Community\MSBuild\Microsoft\VC\v180\1033\debugger_remote_windows.xml,WindowsRemoteDebugger,EnumProperty,GPURefDebuggerBreakOnAllThreads,GPURefBreakOncePerWarp;GPURefBreakForCPUThread
C:\Program Files\Microsoft Visual Studio\18\Community\MSBuild\Microsoft\VC\v180\1033\debugger_remote_windows.xml,WindowsRemoteDebugger,BoolProperty,RemoteDebuggerAttach,
C:\Program Files\Microsoft Visual Studio\18\Community\MSBuild\Microsoft\VC\v180\1033\debugger_remote_windows.xml,WindowsRemoteDebugger,BoolProperty,RemoteDebuggerSQLDebugging,
C:\Program Files\Microsoft Visual Studio\18\Community\MSBuild\Microsoft\VC\v180\1033\debugger_remote_windows.xml,WindowsRemoteDebugger,StringProperty,DeploymentDirectory,
C:\Program Files\Microsoft Visual Studio\18\Community\MSBuild\Microsoft\VC\v180\1033\debugger_remote_windows.xml,WindowsRemoteDebugger,StringProperty,AdditionalFiles,
C:\Program Files\Microsoft Visual Studio\18\Community\MSBuild\Microsoft\VC\v180\1033\debugger_remote_windows.xml,WindowsRemoteDebugger,BoolProperty,RemoteDebuggerDeployDebugCppRuntime,
C:\Program Files\Microsoft Visual Studio\18\Community\MSBuild\Microsoft\VC\v180\1033\debugger_remote_windows.xml,WindowsRemoteDebugger,BoolProperty,RemoteDebuggerDeployCppRuntime,
C:\Program Files\Microsoft Visual Studio\18\Community\MSBuild\Microsoft\VC\v180\1033\debugger_remote_windows.xml,WindowsRemoteDebugger,BoolProperty,UseLegacyManagedDebugger,
C:\Program Files\Microsoft Visual Studio\18\Community\MSBuild\Microsoft\VC\v180\1033\debugger_remote_windows.xml,WindowsRemoteDebugger,DynamicEnumProperty,RemoteDebuggerAmpDefaultAccelerator,
C:\Program Files\Microsoft Visual Studio\18\Community\MSBuild\Microsoft\VC\v180\1033\debugger_web_browser.xml,WebBrowserDebugger,StringProperty,WebBrowserDebuggerHttpUrl,
C:\Program Files\Microsoft Visual Studio\18\Community\MSBuild\Microsoft\VC\v180\1033\debugger_web_browser.xml,WebBrowserDebugger,EnumProperty,WebBrowserDebuggerDebuggerType,NativeOnly;ManagedOnly;Mixed;Auto
C:\Program Files\Microsoft Visual Studio\18\Community\MSBuild\Microsoft\VC\v180\1033\debugger_web_service.xml,WebServiceDebugger,StringProperty,WebServiceDebuggerHttpUrl,
C:\Program Files\Microsoft Visual Studio\18\Community\MSBuild\Microsoft\VC\v180\1033\debugger_web_service.xml,WebServiceDebugger,EnumProperty,WebServiceDebuggerDebuggerType,NativeOnly;ManagedOnly;Mixed;Auto
C:\Program Files\Microsoft Visual Studio\18\Community\MSBuild\Microsoft\VC\v180\1033\debugger_web_service.xml,WebServiceDebugger,BoolProperty,WebServiceDebuggerSQLDebugging,
C:\Program Files\Microsoft Visual Studio\18\Community\MSBuild\Microsoft\VC\v180\1033\debugger_web_service.xml,WebServiceDebugger,BoolProperty,UseLegacyManagedDebugger,
C:\Program Files\Microsoft Visual Studio\18\Community\MSBuild\Microsoft\VC\v180\1033\directories.xml,ConfigurationDirectories,StringListProperty,ExecutablePath,
C:\Program Files\Microsoft Visual Studio\18\Community\MSBuild\Microsoft\VC\v180\1033\directories.xml,ConfigurationDirectories,StringListProperty,IncludePath,
C:\Program Files\Microsoft Visual Studio\18\Community\MSBuild\Microsoft\VC\v180\1033\directories.xml,ConfigurationDirectories,StringListProperty,ExternalIncludePath,
C:\Program Files\Microsoft Visual Studio\18\Community\MSBuild\Microsoft\VC\v180\1033\directories.xml,ConfigurationDirectories,StringListProperty,ReferencePath,
C:\Program Files\Microsoft Visual Studio\18\Community\MSBuild\Microsoft\VC\v180\1033\directories.xml,ConfigurationDirectories,StringListProperty,LibraryPath,
C:\Program Files\Microsoft Visual Studio\18\Community\MSBuild\Microsoft\VC\v180\1033\directories.xml,ConfigurationDirectories,StringListProperty,LibraryWPath,
C:\Program Files\Microsoft Visual Studio\18\Community\MSBuild\Microsoft\VC\v180\1033\directories.xml,ConfigurationDirectories,StringListProperty,SourcePath,
C:\Program Files\Microsoft Visual Studio\18\Community\MSBuild\Microsoft\VC\v180\1033\directories.xml,ConfigurationDirectories,StringListProperty,ExcludePath,
C:\Program Files\Microsoft Visual Studio\18\Community\MSBuild\Microsoft\VC\v180\1033\directories.xml,ConfigurationDirectories,StringListProperty,PublicIncludeDirectories,
C:\Program Files\Microsoft Visual Studio\18\Community\MSBuild\Microsoft\VC\v180\1033\directories.xml,ConfigurationDirectories,BoolProperty,AllProjectIncludesArePublic,
C:\Program Files\Microsoft Visual Studio\18\Community\MSBuild\Microsoft\VC\v180\1033\directories.xml,ConfigurationDirectories,StringListProperty,PublicModuleDirectories,
C:\Program Files\Microsoft Visual Studio\18\Community\MSBuild\Microsoft\VC\v180\1033\directories.xml,ConfigurationDirectories,BoolProperty,AllProjectBMIsArePublic,
C:\Program Files\Microsoft Visual Studio\18\Community\MSBuild\Microsoft\VC\v180\1033\envvars.xml,VCEnvironmentVariables,StringListProperty,Path,
C:\Program Files\Microsoft Visual Studio\18\Community\MSBuild\Microsoft\VC\v180\1033\envvars.xml,VCEnvironmentVariables,StringListProperty,Include,
C:\Program Files\Microsoft Visual Studio\18\Community\MSBuild\Microsoft\VC\v180\1033\envvars.xml,VCEnvironmentVariables,StringListProperty,LibPath,
C:\Program Files\Microsoft Visual Studio\18\Community\MSBuild\Microsoft\VC\v180\1033\envvars.xml,VCEnvironmentVariables,StringListProperty,Lib,
C:\Program Files\Microsoft Visual Studio\18\Community\MSBuild\Microsoft\VC\v180\1033\envvars.xml,VCEnvironmentVariables,StringListProperty,SourcePath,
C:\Program Files\Microsoft Visual Studio\18\Community\MSBuild\Microsoft\VC\v180\1033\envvars.xml,VCEnvironmentVariables,StringListProperty,ExcludePath,
C:\Program Files\Microsoft Visual Studio\18\Community\MSBuild\Microsoft\VC\v180\1033\folder.xml,Folder,StringProperty,Identity,
C:\Program Files\Microsoft Visual Studio\18\Community\MSBuild\Microsoft\VC\v180\1033\folder.xml,Folder,StringProperty,FullPath,
C:\Program Files\Microsoft Visual Studio\18\Community\MSBuild\Microsoft\VC\v180\1033\fxc.xml,,StringListProperty,AdditionalIncludeDirectories,
C:\Program Files\Microsoft Visual Studio\18\Community\MSBuild\Microsoft\VC\v180\1033\fxc.xml,,BoolProperty,SuppressStartupBanner,
C:\Program Files\Microsoft Visual Studio\18\Community\MSBuild\Microsoft\VC\v180\1033\fxc.xml,,StringProperty,EntryPointName,
C:\Program Files\Microsoft Visual Studio\18\Community\MSBuild\Microsoft\VC\v180\1033\fxc.xml,,BoolProperty,TreatWarningAsError,
C:\Program Files\Microsoft Visual Studio\18\Community\MSBuild\Microsoft\VC\v180\1033\fxc.xml,,BoolProperty,DisableOptimizations,
C:\Program Files\Microsoft Visual Studio\18\Community\MSBuild\Microsoft\VC\v180\1033\fxc.xml,,BoolProperty,EnableDebuggingInformation,
C:\Program Files\Microsoft Visual Studio\18\Community\MSBuild\Microsoft\VC\v180\1033\fxc.xml,,EnumProperty,ShaderType,Effect;Vertex;Pixel;Geometry;Hull;Domain;Compute;Library;Mesh;Amplification;RootSignature
C:\Program Files\Microsoft Visual Studio\18\Community\MSBuild\Microsoft\VC\v180\1033\fxc.xml,,DynamicEnumProperty,ShaderModel,
C:\Program Files\Microsoft Visual Studio\18\Community\MSBuild\Microsoft\VC\v180\1033\fxc.xml,,BoolProperty,AllResourcesBound,
C:\Program Files\Microsoft Visual Studio\18\Community\MSBuild\Microsoft\VC\v180\1033\fxc.xml,,BoolProperty,EnableUnboundedDescriptorTables,
C:\Program Files\Microsoft Visual Studio\18\Community\MSBuild\Microsoft\VC\v180\1033\fxc.xml,,StringProperty,SetRootSignature,
C:\Program Files\Microsoft Visual Studio\18\Community\MSBuild\Microsoft\VC\v180\1033\fxc.xml,,StringListProperty,PreprocessorDefinitions,
C:\Program Files\Microsoft Visual Studio\18\Community\MSBuild\Microsoft\VC\v180\1033\fxc.xml,,StringProperty,AdditionalOptions,
C:\Program Files\Microsoft Visual Studio\18\Community\MSBuild\Microsoft\VC\v180\1033\fxc.xml,,StringProperty,VariableName,
C:\Program Files\Microsoft Visual Studio\18\Community\MSBuild\Microsoft\VC\v180\1033\fxc.xml,,StringProperty,HeaderFileOutput,
C:\Program Files\Microsoft Visual Studio\18\Community\MSBuild\Microsoft\VC\v180\1033\fxc.xml,,StringProperty,ObjectFileOutput,
C:\Program Files\Microsoft Visual Studio\18\Community\MSBuild\Microsoft\VC\v180\1033\fxc.xml,,EnumProperty,AssemblerOutput,NoListing;AssemblyCode;AssemblyCodeAndHex
C:\Program Files\Microsoft Visual Studio\18\Community\MSBuild\Microsoft\VC\v180\1033\fxc.xml,,StringProperty,AssemblerOutputFile,
C:\Program Files\Microsoft Visual Studio\18\Community\MSBuild\Microsoft\VC\v180\1033\fxc.xml,,BoolProperty,CompileD2DCustomEffect,
C:\Program Files\Microsoft Visual Studio\18\Community\MSBuild\Microsoft\VC\v180\1033\fxc.xml,,BoolProperty,MultiProcFXC,
C:\Program Files\Microsoft Visual Studio\18\Community\MSBuild\Microsoft\VC\v180\1033\general.xml,ConfigurationGeneral,StringProperty,OutDir,
C:\Program Files\Microsoft Visual Studio\18\Community\MSBuild\Microsoft\VC\v180\1033\general.xml,ConfigurationGeneral,StringProperty,IntDir,
C:\Program Files\Microsoft Visual Studio\18\Community\MSBuild\Microsoft\VC\v180\1033\general.xml,ConfigurationGeneral,StringProperty,TargetName,
C:\Program Files\Microsoft Visual Studio\18\Community\MSBuild\Microsoft\VC\v180\1033\general.xml,ConfigurationGeneral,EnumProperty,ConfigurationType,Makefile;Application;DynamicLibrary;StaticLibrary;Utility
C:\Program Files\Microsoft Visual Studio\18\Community\MSBuild\Microsoft\VC\v180\1033\general.xml,ConfigurationGeneral,DynamicEnumProperty,WindowsTargetPlatformVersion,
C:\Program Files\Microsoft Visual Studio\18\Community\MSBuild\Microsoft\VC\v180\1033\general.xml,ConfigurationGeneral,DynamicEnumProperty,PlatformToolset,
C:\Program Files\Microsoft Visual Studio\18\Community\MSBuild\Microsoft\VC\v180\1033\general.xml,ConfigurationGeneral,DynamicEnumProperty,VCToolsVersion,
C:\Program Files\Microsoft Visual Studio\18\Community\MSBuild\Microsoft\VC\v180\1033\general.xml,ConfigurationGeneral,BoolProperty,MSVCPreviewEnabled,
C:\Program Files\Microsoft Visual Studio\18\Community\MSBuild\Microsoft\VC\v180\1033\general.xml,ConfigurationGeneral,EnumProperty,LanguageStandard,Default;stdcpp14;stdcpp17;stdcpp20;stdcpp23;stdcpplatest
C:\Program Files\Microsoft Visual Studio\18\Community\MSBuild\Microsoft\VC\v180\1033\general.xml,ConfigurationGeneral,EnumProperty,LanguageStandard_C,Default;stdc11;stdc17;stdclatest
C:\Program Files\Microsoft Visual Studio\18\Community\MSBuild\Microsoft\VC\v180\1033\general.xml,ConfigurationGeneral,StringProperty,SDKDisplayName,
C:\Program Files\Microsoft Visual Studio\18\Community\MSBuild\Microsoft\VC\v180\1033\general.xml,ConfigurationGeneral,StringProperty,TargetExt,
C:\Program Files\Microsoft Visual Studio\18\Community\MSBuild\Microsoft\VC\v180\1033\general.xml,ConfigurationGeneral,StringListProperty,ExtensionsToDeleteOnClean,
C:\Program Files\Microsoft Visual Studio\18\Community\MSBuild\Microsoft\VC\v180\1033\general.xml,ConfigurationGeneral,StringProperty,BuildLogFile,
C:\Program Files\Microsoft Visual Studio\18\Community\MSBuild\Microsoft\VC\v180\1033\general.xml,ConfigurationGeneral,EnumProperty,UseOfMfc,false;Static;Dynamic
C:\Program Files\Microsoft Visual Studio\18\Community\MSBuild\Microsoft\VC\v180\1033\general.xml,ConfigurationGeneral,EnumProperty,UseOfAtl,false;Static;Dynamic
C:\Program Files\Microsoft Visual Studio\18\Community\MSBuild\Microsoft\VC\v180\1033\general.xml,ConfigurationGeneral,EnumProperty,CharacterSet,NotSet;Unicode;MultiByte
C:\Program Files\Microsoft Visual Studio\18\Community\MSBuild\Microsoft\VC\v180\1033\general.xml,ConfigurationGeneral,EnumProperty,CLRSupport,false;true;Pure;Safe
C:\Program Files\Microsoft Visual Studio\18\Community\MSBuild\Microsoft\VC\v180\1033\general.xml,ConfigurationGeneral,StringProperty,TargetFrameworkVersion,
C:\Program Files\Microsoft Visual Studio\18\Community\MSBuild\Microsoft\VC\v180\1033\general.xml,ConfigurationGeneral,StringProperty,TargetFramework,
C:\Program Files\Microsoft Visual Studio\18\Community\MSBuild\Microsoft\VC\v180\1033\general.xml,ConfigurationGeneral,EnumProperty,WholeProgramOptimization,false;true;PGInstrument;PGOptimize;PGUpdate
C:\Program Files\Microsoft Visual Studio\18\Community\MSBuild\Microsoft\VC\v180\1033\general.xml,ConfigurationGeneral,BoolProperty,WindowsAppContainer,
C:\Program Files\Microsoft Visual Studio\18\Community\MSBuild\Microsoft\VC\v180\1033\general.xml,ConfigurationGeneral,BoolProperty,UseDebugLibraries,
C:\Program Files\Microsoft Visual Studio\18\Community\MSBuild\Microsoft\VC\v180\1033\general.xml,ConfigurationGeneral,BoolProperty,EnableManagedIncrementalBuild,
C:\Program Files\Microsoft Visual Studio\18\Community\MSBuild\Microsoft\VC\v180\1033\general.xml,ConfigurationGeneral,StringProperty,_ProjectFileVersion,
C:\Program Files\Microsoft Visual Studio\18\Community\MSBuild\Microsoft\VC\v180\1033\general.xml,ConfigurationGeneral,StringProperty,ProjectGuid,
C:\Program Files\Microsoft Visual Studio\18\Community\MSBuild\Microsoft\VC\v180\1033\general.xml,ConfigurationGeneral,DynamicEnumProperty,TargetFrameworkMoniker,
C:\Program Files\Microsoft Visual Studio\18\Community\MSBuild\Microsoft\VC\v180\1033\general.xml,ConfigurationGeneral,StringProperty,TargetPath,
C:\Program Files\Microsoft Visual Studio\18\Community\MSBuild\Microsoft\VC\v180\1033\general.xml,ConfigurationGeneral,StringProperty,MSBuildProjectDirectory,
C:\Program Files\Microsoft Visual Studio\18\Community\MSBuild\Microsoft\VC\v180\1033\general.xml,ConfigurationGeneral,StringProperty,PackageAction,
C:\Program Files\Microsoft Visual Studio\18\Community\MSBuild\Microsoft\VC\v180\1033\general.xml,ConfigurationGeneral,StringProperty,DefaultContentType,
C:\Program Files\Microsoft Visual Studio\18\Community\MSBuild\Microsoft\VC\v180\1033\general.xml,ConfigurationGeneral,StringProperty,VCInstallDir,
C:\Program Files\Microsoft Visual Studio\18\Community\MSBuild\Microsoft\VC\v180\1033\general.xml,ConfigurationGeneral,StringProperty,VCIDEInstallDir,
C:\Program Files\Microsoft Visual Studio\18\Community\MSBuild\Microsoft\VC\v180\1033\general.xml,ConfigurationGeneral,StringProperty,VCToolsInstallDir,
C:\Program Files\Microsoft Visual Studio\18\Community\MSBuild\Microsoft\VC\v180\1033\general.xml,ConfigurationGeneral,StringProperty,VSInstallDir,
C:\Program Files\Microsoft Visual Studio\18\Community\MSBuild\Microsoft\VC\v180\1033\general.xml,ConfigurationGeneral,StringProperty,Platform,
C:\Program Files\Microsoft Visual Studio\18\Community\MSBuild\Microsoft\VC\v180\1033\general.xml,ConfigurationGeneral,StringProperty,Configuration,
C:\Program Files\Microsoft Visual Studio\18\Community\MSBuild\Microsoft\VC\v180\1033\general.xml,ConfigurationGeneral,StringProperty,DebuggerSymbolsPath,
C:\Program Files\Microsoft Visual Studio\18\Community\MSBuild\Microsoft\VC\v180\1033\general.xml,ConfigurationGeneral,StringProperty,AssemblySearchPaths,
C:\Program Files\Microsoft Visual Studio\18\Community\MSBuild\Microsoft\VC\v180\1033\general.xml,ConfigurationGeneral,StringProperty,DefaultPlatformToolset,
C:\Program Files\Microsoft Visual Studio\18\Community\MSBuild\Microsoft\VC\v180\1033\general.xml,ConfigurationGeneral,BoolProperty,EnableDesignTimeBuild,
C:\Program Files\Microsoft Visual Studio\18\Community\MSBuild\Microsoft\VC\v180\1033\general.xml,ConfigurationGeneral,BoolProperty,AppContainerApplication,
C:\Program Files\Microsoft Visual Studio\18\Community\MSBuild\Microsoft\VC\v180\1033\general.xml,ConfigurationGeneral,EnumProperty,TargetRuntime,Managed;Native;AppHost
C:\Program Files\Microsoft Visual Studio\18\Community\MSBuild\Microsoft\VC\v180\1033\general.xml,ConfigurationGeneral,StringProperty,AddItemTemplateGuid,
C:\Program Files\Microsoft Visual Studio\18\Community\MSBuild\Microsoft\VC\v180\1033\general.xml,ConfigurationGeneral,BoolProperty,ContainsStartupTask,
C:\Program Files\Microsoft Visual Studio\18\Community\MSBuild\Microsoft\VC\v180\1033\general.xml,ConfigurationGeneral,StringProperty,ProjectSubType,
C:\Program Files\Microsoft Visual Studio\18\Community\MSBuild\Microsoft\VC\v180\1033\general_advanced.xml,ConfigurationGeneralAdvanced,EnumProperty,CLRSupport,false;NetCore;true;Pure;Safe
C:\Program Files\Microsoft Visual Studio\18\Community\MSBuild\Microsoft\VC\v180\1033\general_advanced.xml,ConfigurationGeneralAdvanced,StringProperty,TargetFrameworkVersion,
C:\Program Files\Microsoft Visual Studio\18\Community\MSBuild\Microsoft\VC\v180\1033\general_advanced.xml,ConfigurationGeneralAdvanced,StringProperty,TargetFramework,
C:\Program Files\Microsoft Visual Studio\18\Community\MSBuild\Microsoft\VC\v180\1033\general_advanced.xml,ConfigurationGeneralAdvanced,BoolProperty,EnableManagedIncrementalBuild,
C:\Program Files\Microsoft Visual Studio\18\Community\MSBuild\Microsoft\VC\v180\1033\general_advanced.xml,ConfigurationGeneralAdvanced,BoolProperty,ManagedAssembly,
C:\Program Files\Microsoft Visual Studio\18\Community\MSBuild\Microsoft\VC\v180\1033\general_advanced.xml,ConfigurationGeneralAdvanced,StringProperty,TargetExt,
C:\Program Files\Microsoft Visual Studio\18\Community\MSBuild\Microsoft\VC\v180\1033\general_advanced.xml,ConfigurationGeneralAdvanced,StringListProperty,ExtensionsToDeleteOnClean,
C:\Program Files\Microsoft Visual Studio\18\Community\MSBuild\Microsoft\VC\v180\1033\general_advanced.xml,ConfigurationGeneralAdvanced,StringProperty,BuildLogFile,
C:\Program Files\Microsoft Visual Studio\18\Community\MSBuild\Microsoft\VC\v180\1033\general_advanced.xml,ConfigurationGeneralAdvanced,EnumProperty,PreferredToolArchitecture,x86;x64
C:\Program Files\Microsoft Visual Studio\18\Community\MSBuild\Microsoft\VC\v180\1033\general_advanced.xml,ConfigurationGeneralAdvanced,BoolProperty,UseDebugLibraries,
C:\Program Files\Microsoft Visual Studio\18\Community\MSBuild\Microsoft\VC\v180\1033\general_advanced.xml,ConfigurationGeneralAdvanced,BoolProperty,EnableUnitySupport,
C:\Program Files\Microsoft Visual Studio\18\Community\MSBuild\Microsoft\VC\v180\1033\general_advanced.xml,ConfigurationGeneralAdvanced,BoolProperty,CopyLocalDeploymentContent,
C:\Program Files\Microsoft Visual Studio\18\Community\MSBuild\Microsoft\VC\v180\1033\general_advanced.xml,ConfigurationGeneralAdvanced,BoolProperty,CopyLocalProjectReference,
C:\Program Files\Microsoft Visual Studio\18\Community\MSBuild\Microsoft\VC\v180\1033\general_advanced.xml,ConfigurationGeneralAdvanced,BoolProperty,CopyLocalDebugSymbols,
C:\Program Files\Microsoft Visual Studio\18\Community\MSBuild\Microsoft\VC\v180\1033\general_advanced.xml,ConfigurationGeneralAdvanced,BoolProperty,CopyCppRuntimeToOutputDir,
C:\Program Files\Microsoft Visual Studio\18\Community\MSBuild\Microsoft\VC\v180\1033\general_advanced.xml,ConfigurationGeneralAdvanced,EnumProperty,UseOfMfc,false;Static;Dynamic
C:\Program Files\Microsoft Visual Studio\18\Community\MSBuild\Microsoft\VC\v180\1033\general_advanced.xml,ConfigurationGeneralAdvanced,EnumProperty,CharacterSet,NotSet;Unicode;MultiByte
C:\Program Files\Microsoft Visual Studio\18\Community\MSBuild\Microsoft\VC\v180\1033\general_advanced.xml,ConfigurationGeneralAdvanced,EnumProperty,WholeProgramOptimization,false;true;PGInstrument;PGOptimize;PGUpdate
C:\Program Files\Microsoft Visual Studio\18\Community\MSBuild\Microsoft\VC\v180\1033\general_advanced.xml,ConfigurationGeneralAdvanced,BoolProperty,UseDynamicDebugging,
C:\Program Files\Microsoft Visual Studio\18\Community\MSBuild\Microsoft\VC\v180\1033\general_advanced.xml,ConfigurationGeneralAdvanced,BoolProperty,UseStructuredOutput,
C:\Program Files\Microsoft Visual Studio\18\Community\MSBuild\Microsoft\VC\v180\1033\general_advanced.xml,ConfigurationGeneralAdvanced,BoolProperty,EnableManagedPackageReferenceSupport,
C:\Program Files\Microsoft Visual Studio\18\Community\MSBuild\Microsoft\VC\v180\1033\general_advanced_arm64x.xml,ConfigurationGeneralAdvanced,BoolProperty,BuildAsX,
C:\Program Files\Microsoft Visual Studio\18\Community\MSBuild\Microsoft\VC\v180\1033\general_advanced_hostarm64.xml,ConfigurationGeneralAdvanced,EnumProperty,PreferredToolArchitecture,arm64;x86;x64
C:\Program Files\Microsoft Visual Studio\18\Community\MSBuild\Microsoft\VC\v180\1033\general_advanced_netcore.xml,ConfigurationGeneralAdvanced,EnumProperty,TargetFramework,netcoreapp3.1;net5.0;net6.0;net7.0;net8.0;net9.0;net10.0
C:\Program Files\Microsoft Visual Studio\18\Community\MSBuild\Microsoft\VC\v180\1033\general_advanced_netcore.xml,ConfigurationGeneralAdvanced,StringProperty,TargetFrameworkVersion,
C:\Program Files\Microsoft Visual Studio\18\Community\MSBuild\Microsoft\VC\v180\1033\general_advanced_netcore.xml,ConfigurationGeneralAdvanced,BoolProperty,EnableManagedIncrementalBuild,
C:\Program Files\Microsoft Visual Studio\18\Community\MSBuild\Microsoft\VC\v180\1033\general_advanced_netcore.xml,ConfigurationGeneralAdvanced,DynamicEnumProperty,WindowsTargetPlatformMinVersion,
C:\Program Files\Microsoft Visual Studio\18\Community\MSBuild\Microsoft\VC\v180\1033\general_advanced_netcore.xml,ConfigurationGeneralAdvanced,BoolProperty,EnableManagedPackageReferenceSupport,
C:\Program Files\Microsoft Visual Studio\18\Community\MSBuild\Microsoft\VC\v180\1033\general_appcontainerapplication.xml,ConfigurationGeneral,StringProperty,SDKDisplayName,
C:\Program Files\Microsoft Visual Studio\18\Community\MSBuild\Microsoft\VC\v180\1033\general_appcontainerapplication.xml,ConfigurationGeneral,DynamicEnumProperty,WindowsTargetPlatformVersion,
C:\Program Files\Microsoft Visual Studio\18\Community\MSBuild\Microsoft\VC\v180\1033\general_appcontainerapplication.xml,ConfigurationGeneral,DynamicEnumProperty,WindowsTargetPlatformMinVersion,
C:\Program Files\Microsoft Visual Studio\18\Community\MSBuild\Microsoft\VC\v180\1033\general_appcontainerapplication.xml,ConfigurationGeneral,StringProperty,OutDir,
C:\Program Files\Microsoft Visual Studio\18\Community\MSBuild\Microsoft\VC\v180\1033\general_appcontainerapplication.xml,ConfigurationGeneral,StringProperty,IntDir,
C:\Program Files\Microsoft Visual Studio\18\Community\MSBuild\Microsoft\VC\v180\1033\general_appcontainerapplication.xml,ConfigurationGeneral,StringProperty,TargetName,
C:\Program Files\Microsoft Visual Studio\18\Community\MSBuild\Microsoft\VC\v180\1033\general_appcontainerapplication.xml,ConfigurationGeneral,StringProperty,TargetExt,
C:\Program Files\Microsoft Visual Studio\18\Community\MSBuild\Microsoft\VC\v180\1033\general_appcontainerapplication.xml,ConfigurationGeneral,StringListProperty,ExtensionsToDeleteOnClean,
C:\Program Files\Microsoft Visual Studio\18\Community\MSBuild\Microsoft\VC\v180\1033\general_appcontainerapplication.xml,ConfigurationGeneral,StringProperty,BuildLogFile,
C:\Program Files\Microsoft Visual Studio\18\Community\MSBuild\Microsoft\VC\v180\1033\general_appcontainerapplication.xml,ConfigurationGeneral,DynamicEnumProperty,PlatformToolset,
C:\Program Files\Microsoft Visual Studio\18\Community\MSBuild\Microsoft\VC\v180\1033\general_appcontainerapplication.xml,ConfigurationGeneral,EnumProperty,ConfigurationType,Application;DynamicLibrary;StaticLibrary
C:\Program Files\Microsoft Visual Studio\18\Community\MSBuild\Microsoft\VC\v180\1033\general_appcontainerapplication.xml,ConfigurationGeneral,EnumProperty,WholeProgramOptimization,false;true
C:\Program Files\Microsoft Visual Studio\18\Community\MSBuild\Microsoft\VC\v180\1033\general_appcontainerapplication.xml,ConfigurationGeneral,BoolProperty,WindowsAppContainer,
C:\Program Files\Microsoft Visual Studio\18\Community\MSBuild\Microsoft\VC\v180\1033\general_appcontainerapplication.xml,ConfigurationGeneral,BoolProperty,DesktopCompatible,
C:\Program Files\Microsoft Visual Studio\18\Community\MSBuild\Microsoft\VC\v180\1033\general_appcontainerapplication.xml,ConfigurationGeneral,EnumProperty,CharacterSet,Unicode
C:\Program Files\Microsoft Visual Studio\18\Community\MSBuild\Microsoft\VC\v180\1033\general_appcontainerapplication.xml,ConfigurationGeneral,BoolProperty,UseDebugLibraries,
C:\Program Files\Microsoft Visual Studio\18\Community\MSBuild\Microsoft\VC\v180\1033\general_appcontainerapplication.xml,ConfigurationGeneral,StringProperty,_ProjectFileVersion,
C:\Program Files\Microsoft Visual Studio\18\Community\MSBuild\Microsoft\VC\v180\1033\general_appcontainerapplication.xml,ConfigurationGeneral,StringProperty,ProjectGuid,
C:\Program Files\Microsoft Visual Studio\18\Community\MSBuild\Microsoft\VC\v180\1033\general_appcontainerapplication.xml,ConfigurationGeneral,DynamicEnumProperty,TargetFrameworkMoniker,
C:\Program Files\Microsoft Visual Studio\18\Community\MSBuild\Microsoft\VC\v180\1033\general_appcontainerapplication.xml,ConfigurationGeneral,EnumProperty,UseOfMfc,false;Static;Dynamic
C:\Program Files\Microsoft Visual Studio\18\Community\MSBuild\Microsoft\VC\v180\1033\general_appcontainerapplication.xml,ConfigurationGeneral,EnumProperty,UseOfAtl,false;Static;Dynamic
C:\Program Files\Microsoft Visual Studio\18\Community\MSBuild\Microsoft\VC\v180\1033\general_appcontainerapplication.xml,ConfigurationGeneral,EnumProperty,CLRSupport,false;true;Pure;Safe
C:\Program Files\Microsoft Visual Studio\18\Community\MSBuild\Microsoft\VC\v180\1033\general_appcontainerapplication.xml,ConfigurationGeneral,StringProperty,TargetPath,
C:\Program Files\Microsoft Visual Studio\18\Community\MSBuild\Microsoft\VC\v180\1033\general_appcontainerapplication.xml,ConfigurationGeneral,StringProperty,MSBuildProjectDirectory,
C:\Program Files\Microsoft Visual Studio\18\Community\MSBuild\Microsoft\VC\v180\1033\general_appcontainerapplication.xml,ConfigurationGeneral,StringProperty,PackageAction,
C:\Program Files\Microsoft Visual Studio\18\Community\MSBuild\Microsoft\VC\v180\1033\general_appcontainerapplication.xml,ConfigurationGeneral,StringProperty,DefaultContentType,
C:\Program Files\Microsoft Visual Studio\18\Community\MSBuild\Microsoft\VC\v180\1033\general_appcontainerapplication.xml,ConfigurationGeneral,StringProperty,VCInstallDir,
C:\Program Files\Microsoft Visual Studio\18\Community\MSBuild\Microsoft\VC\v180\1033\general_appcontainerapplication.xml,ConfigurationGeneral,StringProperty,VCIDEInstallDir,
C:\Program Files\Microsoft Visual Studio\18\Community\MSBuild\Microsoft\VC\v180\1033\general_appcontainerapplication.xml,ConfigurationGeneral,StringProperty,VSInstallDir,
C:\Program Files\Microsoft Visual Studio\18\Community\MSBuild\Microsoft\VC\v180\1033\general_appcontainerapplication.xml,ConfigurationGeneral,StringProperty,Platform,
C:\Program Files\Microsoft Visual Studio\18\Community\MSBuild\Microsoft\VC\v180\1033\general_appcontainerapplication.xml,ConfigurationGeneral,StringProperty,Configuration,
C:\Program Files\Microsoft Visual Studio\18\Community\MSBuild\Microsoft\VC\v180\1033\general_appcontainerapplication.xml,ConfigurationGeneral,StringProperty,DebuggerSymbolsPath,
C:\Program Files\Microsoft Visual Studio\18\Community\MSBuild\Microsoft\VC\v180\1033\general_appcontainerapplication.xml,ConfigurationGeneral,StringProperty,AssemblySearchPaths,
C:\Program Files\Microsoft Visual Studio\18\Community\MSBuild\Microsoft\VC\v180\1033\general_appcontainerapplication.xml,ConfigurationGeneral,StringProperty,DefaultPlatformToolset,
C:\Program Files\Microsoft Visual Studio\18\Community\MSBuild\Microsoft\VC\v180\1033\general_appcontainerapplication.xml,ConfigurationGeneral,BoolProperty,EnableDesignTimeBuild,
C:\Program Files\Microsoft Visual Studio\18\Community\MSBuild\Microsoft\VC\v180\1033\general_appcontainerapplication.xml,ConfigurationGeneral,BoolProperty,AppContainerApplication,
C:\Program Files\Microsoft Visual Studio\18\Community\MSBuild\Microsoft\VC\v180\1033\general_appcontainerapplication.xml,ConfigurationGeneral,EnumProperty,TargetRuntime,Managed;Native;AppHost
C:\Program Files\Microsoft Visual Studio\18\Community\MSBuild\Microsoft\VC\v180\1033\general_appcontainerapplication.xml,ConfigurationGeneral,StringProperty,AddItemTemplateGuid,
C:\Program Files\Microsoft Visual Studio\18\Community\MSBuild\Microsoft\VC\v180\1033\general_appcontainerapplication.xml,ConfigurationGeneral,BoolProperty,ContainsStartupTask,
C:\Program Files\Microsoft Visual Studio\18\Community\MSBuild\Microsoft\VC\v180\1033\general_file.xml,ConfigurationGeneralFile,BoolProperty,ExcludedFromBuild,
C:\Program Files\Microsoft Visual Studio\18\Community\MSBuild\Microsoft\VC\v180\1033\general_file.xml,ConfigurationGeneralFile,BoolProperty,DeploymentContent,
C:\Program Files\Microsoft Visual Studio\18\Community\MSBuild\Microsoft\VC\v180\1033\general_file.xml,ConfigurationGeneralFile,DynamicEnumProperty,{}{ItemType},
C:\Program Files\Microsoft Visual Studio\18\Community\MSBuild\Microsoft\VC\v180\1033\general_file.xml,ConfigurationGeneralFile,StringProperty,GeneratorTarget,
C:\Program Files\Microsoft Visual Studio\18\Community\MSBuild\Microsoft\VC\v180\1033\general_makefile.xml,ConfigurationGeneral,StringProperty,OutDir,
C:\Program Files\Microsoft Visual Studio\18\Community\MSBuild\Microsoft\VC\v180\1033\general_makefile.xml,ConfigurationGeneral,StringProperty,IntDir,
C:\Program Files\Microsoft Visual Studio\18\Community\MSBuild\Microsoft\VC\v180\1033\general_makefile.xml,ConfigurationGeneral,EnumProperty,ConfigurationType,Makefile;Application;DynamicLibrary;StaticLibrary;Utility
C:\Program Files\Microsoft Visual Studio\18\Community\MSBuild\Microsoft\VC\v180\1033\general_makefile.xml,ConfigurationGeneral,EnumProperty,CLRSupport,false;true;Pure;Safe
C:\Program Files\Microsoft Visual Studio\18\Community\MSBuild\Microsoft\VC\v180\1033\general_makefile.xml,ConfigurationGeneral,StringProperty,TargetFrameworkVersion,
C:\Program Files\Microsoft Visual Studio\18\Community\MSBuild\Microsoft\VC\v180\1033\general_makefile.xml,ConfigurationGeneral,StringProperty,BuildLogFile,
C:\Program Files\Microsoft Visual Studio\18\Community\MSBuild\Microsoft\VC\v180\1033\general_makefile.xml,ConfigurationGeneral,StringProperty,_ProjectFileVersion,
C:\Program Files\Microsoft Visual Studio\18\Community\MSBuild\Microsoft\VC\v180\1033\general_makefile.xml,ConfigurationGeneral,StringProperty,ProjectGuid,
C:\Program Files\Microsoft Visual Studio\18\Community\MSBuild\Microsoft\VC\v180\1033\general_makefile.xml,ConfigurationGeneral,EnumProperty,UseOfMfc,false;Static;Dynamic
C:\Program Files\Microsoft Visual Studio\18\Community\MSBuild\Microsoft\VC\v180\1033\general_makefile.xml,ConfigurationGeneral,EnumProperty,UseOfAtl,false;Static;Dynamic
C:\Program Files\Microsoft Visual Studio\18\Community\MSBuild\Microsoft\VC\v180\1033\general_makefile.xml,ConfigurationGeneral,EnumProperty,CharacterSet,NotSet;Unicode;MultiByte
C:\Program Files\Microsoft Visual Studio\18\Community\MSBuild\Microsoft\VC\v180\1033\general_makefile.xml,ConfigurationGeneral,StringProperty,PlatformToolset,
C:\Program Files\Microsoft Visual Studio\18\Community\MSBuild\Microsoft\VC\v180\1033\general_makefile.xml,ConfigurationGeneral,StringProperty,TargetFrameworkMoniker,
C:\Program Files\Microsoft Visual Studio\18\Community\MSBuild\Microsoft\VC\v180\1033\general_makefile.xml,ConfigurationGeneral,StringProperty,TargetPath,
C:\Program Files\Microsoft Visual Studio\18\Community\MSBuild\Microsoft\VC\v180\1033\general_makefile.xml,ConfigurationGeneral,StringProperty,MSBuildProjectDirectory,
C:\Program Files\Microsoft Visual Studio\18\Community\MSBuild\Microsoft\VC\v180\1033\general_makefile.xml,ConfigurationGeneral,StringProperty,PackageAction,
C:\Program Files\Microsoft Visual Studio\18\Community\MSBuild\Microsoft\VC\v180\1033\general_makefile.xml,ConfigurationGeneral,StringProperty,DefaultContentType,
C:\Program Files\Microsoft Visual Studio\18\Community\MSBuild\Microsoft\VC\v180\1033\general_makefile.xml,ConfigurationGeneral,StringProperty,VCInstallDir,
C:\Program Files\Microsoft Visual Studio\18\Community\MSBuild\Microsoft\VC\v180\1033\general_makefile.xml,ConfigurationGeneral,StringProperty,VCIDEInstallDir,
C:\Program Files\Microsoft Visual Studio\18\Community\MSBuild\Microsoft\VC\v180\1033\general_makefile.xml,ConfigurationGeneral,StringProperty,VSInstallDir,
C:\Program Files\Microsoft Visual Studio\18\Community\MSBuild\Microsoft\VC\v180\1033\general_makefile.xml,ConfigurationGeneral,StringProperty,Platform,
C:\Program Files\Microsoft Visual Studio\18\Community\MSBuild\Microsoft\VC\v180\1033\general_makefile.xml,ConfigurationGeneral,StringProperty,Configuration,
C:\Program Files\Microsoft Visual Studio\18\Community\MSBuild\Microsoft\VC\v180\1033\general_makefile.xml,ConfigurationGeneral,StringProperty,DebuggerSymbolsPath,
C:\Program Files\Microsoft Visual Studio\18\Community\MSBuild\Microsoft\VC\v180\1033\general_makefile.xml,ConfigurationGeneral,BoolProperty,WindowsAppContainer,
C:\Program Files\Microsoft Visual Studio\18\Community\MSBuild\Microsoft\VC\v180\1033\general_makefile.xml,ConfigurationGeneral,StringProperty,TargetPlatformVersion,
C:\Program Files\Microsoft Visual Studio\18\Community\MSBuild\Microsoft\VC\v180\1033\general_makefile.xml,ConfigurationGeneral,BoolProperty,UseDebugLibraries,
C:\Program Files\Microsoft Visual Studio\18\Community\MSBuild\Microsoft\VC\v180\1033\general_makefile.xml,ConfigurationGeneral,BoolProperty,EnableManagedIncrementalBuild,
C:\Program Files\Microsoft Visual Studio\18\Community\MSBuild\Microsoft\VC\v180\1033\general_makefile.xml,ConfigurationGeneral,StringProperty,AssemblySearchPaths,
C:\Program Files\Microsoft Visual Studio\18\Community\MSBuild\Microsoft\VC\v180\1033\general_makefile.xml,ConfigurationGeneral,StringProperty,DefaultPlatformToolset,
C:\Program Files\Microsoft Visual Studio\18\Community\MSBuild\Microsoft\VC\v180\1033\general_makefile.xml,ConfigurationGeneral,BoolProperty,EnableDesignTimeBuild,
C:\Program Files\Microsoft Visual Studio\18\Community\MSBuild\Microsoft\VC\v180\1033\general_makefile.xml,ConfigurationGeneral,BoolProperty,AppContainerApplication,
C:\Program Files\Microsoft Visual Studio\18\Community\MSBuild\Microsoft\VC\v180\1033\general_makefile.xml,ConfigurationGeneral,EnumProperty,TargetRuntime,Managed;Native;AppHost
C:\Program Files\Microsoft Visual Studio\18\Community\MSBuild\Microsoft\VC\v180\1033\general_makefile_ps.xml,ConfigurationGeneral,StringProperty,OutDir,
C:\Program Files\Microsoft Visual Studio\18\Community\MSBuild\Microsoft\VC\v180\1033\general_makefile_ps.xml,ConfigurationGeneral,StringProperty,IntDir,
C:\Program Files\Microsoft Visual Studio\18\Community\MSBuild\Microsoft\VC\v180\1033\general_makefile_ps.xml,ConfigurationGeneral,EnumProperty,CLRSupport,false;true;Pure;Safe
C:\Program Files\Microsoft Visual Studio\18\Community\MSBuild\Microsoft\VC\v180\1033\general_makefile_ps.xml,ConfigurationGeneral,StringProperty,BuildLogFile,
C:\Program Files\Microsoft Visual Studio\18\Community\MSBuild\Microsoft\VC\v180\1033\general_makefile_ps.xml,ConfigurationGeneral,StringProperty,_ProjectFileVersion,
C:\Program Files\Microsoft Visual Studio\18\Community\MSBuild\Microsoft\VC\v180\1033\general_makefile_ps.xml,ConfigurationGeneral,DynamicEnumProperty,TargetFrameworkMoniker,
C:\Program Files\Microsoft Visual Studio\18\Community\MSBuild\Microsoft\VC\v180\1033\general_ps.xml,ConfigurationGeneral,StringProperty,OutDir,
C:\Program Files\Microsoft Visual Studio\18\Community\MSBuild\Microsoft\VC\v180\1033\general_ps.xml,ConfigurationGeneral,StringProperty,IntDir,
C:\Program Files\Microsoft Visual Studio\18\Community\MSBuild\Microsoft\VC\v180\1033\general_ps.xml,ConfigurationGeneral,StringProperty,TargetName,
C:\Program Files\Microsoft Visual Studio\18\Community\MSBuild\Microsoft\VC\v180\1033\general_ps.xml,ConfigurationGeneral,StringProperty,TargetExt,
C:\Program Files\Microsoft Visual Studio\18\Community\MSBuild\Microsoft\VC\v180\1033\general_ps.xml,ConfigurationGeneral,StringListProperty,ExtensionsToDeleteOnClean,
C:\Program Files\Microsoft Visual Studio\18\Community\MSBuild\Microsoft\VC\v180\1033\general_ps.xml,ConfigurationGeneral,StringListProperty,NoDependencies,
C:\Program Files\Microsoft Visual Studio\18\Community\MSBuild\Microsoft\VC\v180\1033\general_ps.xml,ConfigurationGeneral,StringProperty,BuildLogFile,
C:\Program Files\Microsoft Visual Studio\18\Community\MSBuild\Microsoft\VC\v180\1033\general_ps.xml,ConfigurationGeneral,BoolProperty,EnableManagedIncrementalBuild,
C:\Program Files\Microsoft Visual Studio\18\Community\MSBuild\Microsoft\VC\v180\1033\general_ps.xml,ConfigurationGeneral,StringProperty,_ProjectFileVersion,
C:\Program Files\Microsoft Visual Studio\18\Community\MSBuild\Microsoft\VC\v180\1033\general_ps.xml,ConfigurationGeneral,DynamicEnumProperty,TargetFrameworkMoniker,
C:\Program Files\Microsoft Visual Studio\18\Community\MSBuild\Microsoft\VC\v180\1033\general_uwp_arm64x.xml,ConfigurationGeneral,BoolProperty,BuildAsX,
C:\Program Files\Microsoft Visual Studio\18\Community\MSBuild\Microsoft\VC\v180\1033\isense_general.xml,CL,StringListProperty,AdditionalIncludeDirectories,
C:\Program Files\Microsoft Visual Studio\18\Community\MSBuild\Microsoft\VC\v180\1033\isense_general.xml,CL,StringListProperty,ForcedIncludeFiles,
C:\Program Files\Microsoft Visual Studio\18\Community\MSBuild\Microsoft\VC\v180\1033\isense_general.xml,CL,StringListProperty,PreprocessorDefinitions,
C:\Program Files\Microsoft Visual Studio\18\Community\MSBuild\Microsoft\VC\v180\1033\isense_general.xml,CL,StringListProperty,UndefinePreprocessorDefinitions,
C:\Program Files\Microsoft Visual Studio\18\Community\MSBuild\Microsoft\VC\v180\1033\isense_general.xml,CL,EnumProperty,LanguageStandard,Default;stdcpp14;stdcpp17;stdcpp20;stdcpp23;stdcpplatest
C:\Program Files\Microsoft Visual Studio\18\Community\MSBuild\Microsoft\VC\v180\1033\lib.xml,LIB,StringProperty,OutputFile,
C:\Program Files\Microsoft Visual Studio\18\Community\MSBuild\Microsoft\VC\v180\1033\lib.xml,LIB,StringListProperty,AdditionalDependencies,
C:\Program Files\Microsoft Visual Studio\18\Community\MSBuild\Microsoft\VC\v180\1033\lib.xml,LIB,StringListProperty,AdditionalLibraryDirectories,
C:\Program Files\Microsoft Visual Studio\18\Community\MSBuild\Microsoft\VC\v180\1033\lib.xml,LIB,BoolProperty,SuppressStartupBanner,
C:\Program Files\Microsoft Visual Studio\18\Community\MSBuild\Microsoft\VC\v180\1033\lib.xml,LIB,StringProperty,ModuleDefinitionFile,
C:\Program Files\Microsoft Visual Studio\18\Community\MSBuild\Microsoft\VC\v180\1033\lib.xml,LIB,BoolProperty,IgnoreAllDefaultLibraries,
C:\Program Files\Microsoft Visual Studio\18\Community\MSBuild\Microsoft\VC\v180\1033\lib.xml,LIB,StringListProperty,IgnoreSpecificDefaultLibraries,
C:\Program Files\Microsoft Visual Studio\18\Community\MSBuild\Microsoft\VC\v180\1033\lib.xml,LIB,StringListProperty,ExportNamedFunctions,
C:\Program Files\Microsoft Visual Studio\18\Community\MSBuild\Microsoft\VC\v180\1033\lib.xml,LIB,StringProperty,ForceSymbolReferences,
C:\Program Files\Microsoft Visual Studio\18\Community\MSBuild\Microsoft\VC\v180\1033\lib.xml,LIB,BoolProperty,UseUnicodeResponseFiles,
C:\Program Files\Microsoft Visual Studio\18\Community\MSBuild\Microsoft\VC\v180\1033\lib.xml,LIB,BoolProperty,LinkLibraryDependencies,
C:\Program Files\Microsoft Visual Studio\18\Community\MSBuild\Microsoft\VC\v180\1033\lib.xml,LIB,EnumProperty,ErrorReporting,PromptImmediately;QueueForNextLogin;SendErrorReport;NoErrorReport
C:\Program Files\Microsoft Visual Studio\18\Community\MSBuild\Microsoft\VC\v180\1033\lib.xml,LIB,StringProperty,DisplayLibrary,
C:\Program Files\Microsoft Visual Studio\18\Community\MSBuild\Microsoft\VC\v180\1033\lib.xml,LIB,BoolProperty,TreatLibWarningAsErrors,
C:\Program Files\Microsoft Visual Studio\18\Community\MSBuild\Microsoft\VC\v180\1033\lib.xml,LIB,EnumProperty,TargetMachine,MachineARM;MachineARM64;MachineARM64X;MachineEBC;MachineIA64;MachineMIPS;MachineMIPS16;MachineMIPSFPU;MachineMIPSFPU16;MachineSH4;MachineTHUMB;MachineX64;MachineX86
C:\Program Files\Microsoft Visual Studio\18\Community\MSBuild\Microsoft\VC\v180\1033\lib.xml,LIB,EnumProperty,SubSystem,Console;Windows;Native;EFI Application;EFI Boot Service Driver;EFI ROM;EFI Runtime;WindowsCE;POSIX
C:\Program Files\Microsoft Visual Studio\18\Community\MSBuild\Microsoft\VC\v180\1033\lib.xml,LIB,StringProperty,MinimumRequiredVersion,
C:\Program Files\Microsoft Visual Studio\18\Community\MSBuild\Microsoft\VC\v180\1033\lib.xml,LIB,StringListProperty,RemoveObjects,
C:\Program Files\Microsoft Visual Studio\18\Community\MSBuild\Microsoft\VC\v180\1033\lib.xml,LIB,BoolProperty,Verbose,
C:\Program Files\Microsoft Visual Studio\18\Community\MSBuild\Microsoft\VC\v180\1033\lib.xml,LIB,StringProperty,Name,
C:\Program Files\Microsoft Visual Studio\18\Community\MSBuild\Microsoft\VC\v180\1033\lib.xml,LIB,BoolProperty,LinkTimeCodeGeneration,
C:\Program Files\Microsoft Visual Studio\18\Community\MSBuild\Microsoft\VC\v180\1033\lib.xml,LIB,BoolProperty,UseDynamicDebugging,
C:\Program Files\Microsoft Visual Studio\18\Community\MSBuild\Microsoft\VC\v180\1033\lib.xml,LIB,StringProperty,DynamicDebuggingSuffix,
C:\Program Files\Microsoft Visual Studio\18\Community\MSBuild\Microsoft\VC\v180\1033\lib.xml,LIB,StringProperty,AdditionalOptions,
C:\Program Files\Microsoft Visual Studio\18\Community\MSBuild\Microsoft\VC\v180\1033\lib.xml,LIB,StringProperty,TrackerLogDirectory,
C:\Program Files\Microsoft Visual Studio\18\Community\MSBuild\Microsoft\VC\v180\1033\lib.xml,LIB,BoolProperty,BuildingInIde,
C:\Program Files\Microsoft Visual Studio\18\Community\MSBuild\Microsoft\VC\v180\1033\link.xml,Link,StringProperty,OutputFile,
C:\Program Files\Microsoft Visual Studio\18\Community\MSBuild\Microsoft\VC\v180\1033\link.xml,Link,EnumProperty,ShowProgress,NotSet;LinkVerbose;LinkVerboseLib;LinkVerboseICF;LinkVerboseREF;LinkVerboseSAFESEH;LinkVerboseCLR
C:\Program Files\Microsoft Visual Studio\18\Community\MSBuild\Microsoft\VC\v180\1033\link.xml,Link,StringProperty,Version,
C:\Program Files\Microsoft Visual Studio\18\Community\MSBuild\Microsoft\VC\v180\1033\link.xml,Link,BoolProperty,LinkIncremental,
C:\Program Files\Microsoft Visual Studio\18\Community\MSBuild\Microsoft\VC\v180\1033\link.xml,Link,StringProperty,IncrementalLinkDatabaseFile,
C:\Program Files\Microsoft Visual Studio\18\Community\MSBuild\Microsoft\VC\v180\1033\link.xml,Link,BoolProperty,SuppressStartupBanner,
C:\Program Files\Microsoft Visual Studio\18\Community\MSBuild\Microsoft\VC\v180\1033\link.xml,Link,BoolProperty,IgnoreImportLibrary,
C:\Program Files\Microsoft Visual Studio\18\Community\MSBuild\Microsoft\VC\v180\1033\link.xml,Link,BoolProperty,RegisterOutput,
C:\Program Files\Microsoft Visual Studio\18\Community\MSBuild\Microsoft\VC\v180\1033\link.xml,Link,BoolProperty,PerUserRedirection,
C:\Program Files\Microsoft Visual Studio\18\Community\MSBuild\Microsoft\VC\v180\1033\link.xml,Link,StringListProperty,AdditionalLibraryDirectories,
C:\Program Files\Microsoft Visual Studio\18\Community\MSBuild\Microsoft\VC\v180\1033\link.xml,Link,BoolProperty,LinkLibraryDependencies,
C:\Program Files\Microsoft Visual Studio\18\Community\MSBuild\Microsoft\VC\v180\1033\link.xml,Link,BoolProperty,UseLibraryDependencyInputs,
C:\Program Files\Microsoft Visual Studio\18\Community\MSBuild\Microsoft\VC\v180\1033\link.xml,Link,BoolProperty,LinkStatus,
C:\Program Files\Microsoft Visual Studio\18\Community\MSBuild\Microsoft\VC\v180\1033\link.xml,Link,BoolProperty,PreventDllBinding,
C:\Program Files\Microsoft Visual Studio\18\Community\MSBuild\Microsoft\VC\v180\1033\link.xml,Link,BoolProperty,TreatLinkerWarningAsErrors,
C:\Program Files\Microsoft Visual Studio\18\Community\MSBuild\Microsoft\VC\v180\1033\link.xml,Link,StringListProperty,Natvis,
C:\Program Files\Microsoft Visual Studio\18\Community\MSBuild\Microsoft\VC\v180\1033\link.xml,Link,EnumProperty,ForceFileOutput,Enabled;MultiplyDefinedSymbolOnly;UndefinedSymbolOnly
C:\Program Files\Microsoft Visual Studio\18\Community\MSBuild\Microsoft\VC\v180\1033\link.xml,Link,EnumProperty,CreateHotPatchableImage,Enabled;X86Image;X64Image;ItaniumImage
C:\Program Files\Microsoft Visual Studio\18\Community\MSBuild\Microsoft\VC\v180\1033\link.xml,Link,StringListProperty,SpecifySectionAttributes,
C:\Program Files\Microsoft Visual Studio\18\Community\MSBuild\Microsoft\VC\v180\1033\link.xml,Link,StringProperty,MSDOSStubFileName,
C:\Program Files\Microsoft Visual Studio\18\Community\MSBuild\Microsoft\VC\v180\1033\link.xml,Link,StringProperty,TrackerLogDirectory,
C:\Program Files\Microsoft Visual Studio\18\Community\MSBuild\Microsoft\VC\v180\1033\link.xml,Link,StringListProperty,AdditionalDependencies,
C:\Program Files\Microsoft Visual Studio\18\Community\MSBuild\Microsoft\VC\v180\1033\link.xml,Link,BoolProperty,IgnoreAllDefaultLibraries,
C:\Program Files\Microsoft Visual Studio\18\Community\MSBuild\Microsoft\VC\v180\1033\link.xml,Link,StringListProperty,IgnoreSpecificDefaultLibraries,
C:\Program Files\Microsoft Visual Studio\18\Community\MSBuild\Microsoft\VC\v180\1033\link.xml,Link,StringProperty,ModuleDefinitionFile,
C:\Program Files\Microsoft Visual Studio\18\Community\MSBuild\Microsoft\VC\v180\1033\link.xml,Link,StringListProperty,AddModuleNamesToAssembly,
C:\Program Files\Microsoft Visual Studio\18\Community\MSBuild\Microsoft\VC\v180\1033\link.xml,Link,StringListProperty,EmbedManagedResourceFile,
C:\Program Files\Microsoft Visual Studio\18\Community\MSBuild\Microsoft\VC\v180\1033\link.xml,Link,StringListProperty,ForceSymbolReferences,
C:\Program Files\Microsoft Visual Studio\18\Community\MSBuild\Microsoft\VC\v180\1033\link.xml,Link,StringListProperty,DelayLoadDLLs,
C:\Program Files\Microsoft Visual Studio\18\Community\MSBuild\Microsoft\VC\v180\1033\link.xml,Link,StringListProperty,AssemblyLinkResource,
C:\Program Files\Microsoft Visual Studio\18\Community\MSBuild\Microsoft\VC\v180\1033\link.xml,Link,BoolProperty,GenerateManifest,
C:\Program Files\Microsoft Visual Studio\18\Community\MSBuild\Microsoft\VC\v180\1033\link.xml,Link,StringProperty,ManifestFile,
C:\Program Files\Microsoft Visual Studio\18\Community\MSBuild\Microsoft\VC\v180\1033\link.xml,Link,StringListProperty,AdditionalManifestDependencies,
C:\Program Files\Microsoft Visual Studio\18\Community\MSBuild\Microsoft\VC\v180\1033\link.xml,Link,BoolProperty,AllowIsolation,
C:\Program Files\Microsoft Visual Studio\18\Community\MSBuild\Microsoft\VC\v180\1033\link.xml,Link,BoolProperty,EnableUAC,
C:\Program Files\Microsoft Visual Studio\18\Community\MSBuild\Microsoft\VC\v180\1033\link.xml,Link,EnumProperty,UACExecutionLevel,AsInvoker;HighestAvailable;RequireAdministrator
C:\Program Files\Microsoft Visual Studio\18\Community\MSBuild\Microsoft\VC\v180\1033\link.xml,Link,BoolProperty,UACUIAccess,
C:\Program Files\Microsoft Visual Studio\18\Community\MSBuild\Microsoft\VC\v180\1033\link.xml,Link,BoolProperty,ManifestEmbed,
C:\Program Files\Microsoft Visual Studio\18\Community\MSBuild\Microsoft\VC\v180\1033\link.xml,Link,StringListProperty,ManifestInput,
C:\Program Files\Microsoft Visual Studio\18\Community\MSBuild\Microsoft\VC\v180\1033\link.xml,Link,EnumProperty,GenerateDebugInformation,false;true;DebugFastLink;DebugFull
C:\Program Files\Microsoft Visual Studio\18\Community\MSBuild\Microsoft\VC\v180\1033\link.xml,Link,StringProperty,ProgramDatabaseFile,
C:\Program Files\Microsoft Visual Studio\18\Community\MSBuild\Microsoft\VC\v180\1033\link.xml,Link,BoolProperty,FullProgramDatabaseFile,
C:\Program Files\Microsoft Visual Studio\18\Community\MSBuild\Microsoft\VC\v180\1033\link.xml,Link,StringProperty,StripPrivateSymbols,
C:\Program Files\Microsoft Visual Studio\18\Community\MSBuild\Microsoft\VC\v180\1033\link.xml,Link,BoolProperty,GenerateMapFile,
C:\Program Files\Microsoft Visual Studio\18\Community\MSBuild\Microsoft\VC\v180\1033\link.xml,Link,StringProperty,MapFileName,
C:\Program Files\Microsoft Visual Studio\18\Community\MSBuild\Microsoft\VC\v180\1033\link.xml,Link,BoolProperty,MapExports,
C:\Program Files\Microsoft Visual Studio\18\Community\MSBuild\Microsoft\VC\v180\1033\link.xml,Link,BoolProperty,AssemblyDebug,
C:\Program Files\Microsoft Visual Studio\18\Community\MSBuild\Microsoft\VC\v180\1033\link.xml,Link,BoolProperty,UseDynamicDebugging,
C:\Program Files\Microsoft Visual Studio\18\Community\MSBuild\Microsoft\VC\v180\1033\link.xml,Link,StringProperty,DynamicDebuggingSuffix,
C:\Program Files\Microsoft Visual Studio\18\Community\MSBuild\Microsoft\VC\v180\1033\link.xml,Link,EnumProperty,SubSystem,NotSet;Console;Windows;Native;EFI Application;EFI Boot Service Driver;EFI ROM;EFI Runtime;POSIX
C:\Program Files\Microsoft Visual Studio\18\Community\MSBuild\Microsoft\VC\v180\1033\link.xml,Link,StringProperty,MinimumRequiredVersion,
C:\Program Files\Microsoft Visual Studio\18\Community\MSBuild\Microsoft\VC\v180\1033\link.xml,Link,StringProperty,HeapReserveSize,
C:\Program Files\Microsoft Visual Studio\18\Community\MSBuild\Microsoft\VC\v180\1033\link.xml,Link,StringProperty,HeapCommitSize,
C:\Program Files\Microsoft Visual Studio\18\Community\MSBuild\Microsoft\VC\v180\1033\link.xml,Link,StringProperty,StackReserveSize,
C:\Program Files\Microsoft Visual Studio\18\Community\MSBuild\Microsoft\VC\v180\1033\link.xml,Link,StringProperty,StackCommitSize,
C:\Program Files\Microsoft Visual Studio\18\Community\MSBuild\Microsoft\VC\v180\1033\link.xml,Link,BoolProperty,LargeAddressAware,
C:\Program Files\Microsoft Visual Studio\18\Community\MSBuild\Microsoft\VC\v180\1033\link.xml,Link,BoolProperty,TerminalServerAware,
C:\Program Files\Microsoft Visual Studio\18\Community\MSBuild\Microsoft\VC\v180\1033\link.xml,Link,BoolProperty,SwapRunFromCD,
C:\Program Files\Microsoft Visual Studio\18\Community\MSBuild\Microsoft\VC\v180\1033\link.xml,Link,BoolProperty,SwapRunFromNET,
C:\Program Files\Microsoft Visual Studio\18\Community\MSBuild\Microsoft\VC\v180\1033\link.xml,Link,EnumProperty,Driver,NotSet;Driver;UpOnly;WDM
C:\Program Files\Microsoft Visual Studio\18\Community\MSBuild\Microsoft\VC\v180\1033\link.xml,Link,BoolProperty,OptimizeReferences,
C:\Program Files\Microsoft Visual Studio\18\Community\MSBuild\Microsoft\VC\v180\1033\link.xml,Link,BoolProperty,EnableCOMDATFolding,
C:\Program Files\Microsoft Visual Studio\18\Community\MSBuild\Microsoft\VC\v180\1033\link.xml,Link,StringProperty,FunctionOrder,
C:\Program Files\Microsoft Visual Studio\18\Community\MSBuild\Microsoft\VC\v180\1033\link.xml,Link,StringProperty,ProfileGuidedDatabase,
C:\Program Files\Microsoft Visual Studio\18\Community\MSBuild\Microsoft\VC\v180\1033\link.xml,Link,EnumProperty,LinkTimeCodeGeneration,Default;UseFastLinkTimeCodeGeneration;UseLinkTimeCodeGeneration;PGInstrument;PGOptimization;PGUpdate
C:\Program Files\Microsoft Visual Studio\18\Community\MSBuild\Microsoft\VC\v180\1033\link.xml,Link,StringProperty,LinkTimeCodeGenerationObjectFile,
C:\Program Files\Microsoft Visual Studio\18\Community\MSBuild\Microsoft\VC\v180\1033\link.xml,Link,StringProperty,MidlCommandFile,
C:\Program Files\Microsoft Visual Studio\18\Community\MSBuild\Microsoft\VC\v180\1033\link.xml,Link,BoolProperty,IgnoreEmbeddedIDL,
C:\Program Files\Microsoft Visual Studio\18\Community\MSBuild\Microsoft\VC\v180\1033\link.xml,Link,StringProperty,MergedIDLBaseFileName,
C:\Program Files\Microsoft Visual Studio\18\Community\MSBuild\Microsoft\VC\v180\1033\link.xml,Link,StringProperty,TypeLibraryFile,
C:\Program Files\Microsoft Visual Studio\18\Community\MSBuild\Microsoft\VC\v180\1033\link.xml,Link,IntProperty,TypeLibraryResourceID,
C:\Program Files\Microsoft Visual Studio\18\Community\MSBuild\Microsoft\VC\v180\1033\link.xml,Link,BoolProperty,AppContainer,
C:\Program Files\Microsoft Visual Studio\18\Community\MSBuild\Microsoft\VC\v180\1033\link.xml,Link,EnumProperty,GenerateWindowsMetadata,true;false
C:\Program Files\Microsoft Visual Studio\18\Community\MSBuild\Microsoft\VC\v180\1033\link.xml,Link,StringProperty,WindowsMetadataFile,
C:\Program Files\Microsoft Visual Studio\18\Community\MSBuild\Microsoft\VC\v180\1033\link.xml,Link,StringProperty,WindowsMetadataLinkKeyFile,
C:\Program Files\Microsoft Visual Studio\18\Community\MSBuild\Microsoft\VC\v180\1033\link.xml,Link,StringProperty,WindowsMetadataKeyContainer,
C:\Program Files\Microsoft Visual Studio\18\Community\MSBuild\Microsoft\VC\v180\1033\link.xml,Link,BoolProperty,WindowsMetadataLinkDelaySign,
C:\Program Files\Microsoft Visual Studio\18\Community\MSBuild\Microsoft\VC\v180\1033\link.xml,Link,EnumProperty,WindowsMetadataSignHash,SHA1;SHA256;SHA384;SHA512
C:\Program Files\Microsoft Visual Studio\18\Community\MSBuild\Microsoft\VC\v180\1033\link.xml,Link,StringProperty,EntryPointSymbol,
C:\Program Files\Microsoft Visual Studio\18\Community\MSBuild\Microsoft\VC\v180\1033\link.xml,Link,BoolProperty,NoEntryPoint,
C:\Program Files\Microsoft Visual Studio\18\Community\MSBuild\Microsoft\VC\v180\1033\link.xml,Link,BoolProperty,SetChecksum,
C:\Program Files\Microsoft Visual Studio\18\Community\MSBuild\Microsoft\VC\v180\1033\link.xml,Link,StringProperty,BaseAddress,
C:\Program Files\Microsoft Visual Studio\18\Community\MSBuild\Microsoft\VC\v180\1033\link.xml,Link,BoolProperty,RandomizedBaseAddress,
C:\Program Files\Microsoft Visual Studio\18\Community\MSBuild\Microsoft\VC\v180\1033\link.xml,Link,BoolProperty,FixedBaseAddress,
C:\Program Files\Microsoft Visual Studio\18\Community\MSBuild\Microsoft\VC\v180\1033\link.xml,Link,BoolProperty,DataExecutionPrevention,
C:\Program Files\Microsoft Visual Studio\18\Community\MSBuild\Microsoft\VC\v180\1033\link.xml,Link,BoolProperty,TurnOffAssemblyGeneration,
C:\Program Files\Microsoft Visual Studio\18\Community\MSBuild\Microsoft\VC\v180\1033\link.xml,Link,BoolProperty,SupportUnloadOfDelayLoadedDLL,
C:\Program Files\Microsoft Visual Studio\18\Community\MSBuild\Microsoft\VC\v180\1033\link.xml,Link,BoolProperty,SupportNobindOfDelayLoadedDLL,
C:\Program Files\Microsoft Visual Studio\18\Community\MSBuild\Microsoft\VC\v180\1033\link.xml,Link,StringProperty,ImportLibrary,
C:\Program Files\Microsoft Visual Studio\18\Community\MSBuild\Microsoft\VC\v180\1033\link.xml,Link,StringProperty,MergeSections,
C:\Program Files\Microsoft Visual Studio\18\Community\MSBuild\Microsoft\VC\v180\1033\link.xml,Link,EnumProperty,TargetMachine,NotSet;MachineARM;MachineARM64;MachineARM64EC;MachineARM64X;MachineEBC;MachineX64;MachineX86
C:\Program Files\Microsoft Visual Studio\18\Community\MSBuild\Microsoft\VC\v180\1033\link.xml,Link,BoolProperty,Profile,
C:\Program Files\Microsoft Visual Studio\18\Community\MSBuild\Microsoft\VC\v180\1033\link.xml,Link,EnumProperty,CLRThreadAttribute,MTAThreadingAttribute;STAThreadingAttribute;DefaultThreadingAttribute
C:\Program Files\Microsoft Visual Studio\18\Community\MSBuild\Microsoft\VC\v180\1033\link.xml,Link,EnumProperty,CLRImageType,ForceIJWImage;ForcePureILImage;ForceSafeILImage;Default
C:\Program Files\Microsoft Visual Studio\18\Community\MSBuild\Microsoft\VC\v180\1033\link.xml,Link,StringProperty,LinkKeyFile,
C:\Program Files\Microsoft Visual Studio\18\Community\MSBuild\Microsoft\VC\v180\1033\link.xml,Link,StringProperty,KeyContainer,
C:\Program Files\Microsoft Visual Studio\18\Community\MSBuild\Microsoft\VC\v180\1033\link.xml,Link,BoolProperty,LinkDelaySign,
C:\Program Files\Microsoft Visual Studio\18\Community\MSBuild\Microsoft\VC\v180\1033\link.xml,Link,EnumProperty,SignHash,SHA1;SHA256;SHA384;SHA512
C:\Program Files\Microsoft Visual Studio\18\Community\MSBuild\Microsoft\VC\v180\1033\link.xml,Link,BoolProperty,CLRUnmanagedCodeCheck,
C:\Program Files\Microsoft Visual Studio\18\Community\MSBuild\Microsoft\VC\v180\1033\link.xml,Link,BoolProperty,DetectOneDefinitionRule,
C:\Program Files\Microsoft Visual Studio\18\Community\MSBuild\Microsoft\VC\v180\1033\link.xml,Link,EnumProperty,LinkErrorReporting,PromptImmediately;QueueForNextLogin;SendErrorReport;NoErrorReport
C:\Program Files\Microsoft Visual Studio\18\Community\MSBuild\Microsoft\VC\v180\1033\link.xml,Link,IntProperty,SectionAlignment,
C:\Program Files\Microsoft Visual Studio\18\Community\MSBuild\Microsoft\VC\v180\1033\link.xml,Link,EnumProperty,CLRSupportLastError,Enabled;Disabled;SystemDlls
C:\Program Files\Microsoft Visual Studio\18\Community\MSBuild\Microsoft\VC\v180\1033\link.xml,Link,BoolProperty,CETCompat,
C:\Program Files\Microsoft Visual Studio\18\Community\MSBuild\Microsoft\VC\v180\1033\link.xml,Link,BoolProperty,ImageHasSafeExceptionHandlers,
C:\Program Files\Microsoft Visual Studio\18\Community\MSBuild\Microsoft\VC\v180\1033\link.xml,Link,BoolProperty,LinkControlFlowGuard,
C:\Program Files\Microsoft Visual Studio\18\Community\MSBuild\Microsoft\VC\v180\1033\link.xml,Link,BoolProperty,LinkGuardEHContMetadata,
C:\Program Files\Microsoft Visual Studio\18\Community\MSBuild\Microsoft\VC\v180\1033\link.xml,Link,BoolProperty,LinkGuardSignedReturns,
C:\Program Files\Microsoft Visual Studio\18\Community\MSBuild\Microsoft\VC\v180\1033\link.xml,Link,IntProperty,PdbThreads,
C:\Program Files\Microsoft Visual Studio\18\Community\MSBuild\Microsoft\VC\v180\1033\link.xml,Link,IntProperty,CgThreads,
C:\Program Files\Microsoft Visual Studio\18\Community\MSBuild\Microsoft\VC\v180\1033\link.xml,Link,StringProperty,AdditionalOptions,
C:\Program Files\Microsoft Visual Studio\18\Community\MSBuild\Microsoft\VC\v180\1033\link.xml,Link,BoolProperty,LinkDLL,
C:\Program Files\Microsoft Visual Studio\18\Community\MSBuild\Microsoft\VC\v180\1033\link.xml,Link,BoolProperty,BuildingInIde,
C:\Program Files\Microsoft Visual Studio\18\Community\MSBuild\Microsoft\VC\v180\1033\midl.xml,MIDL,StringListProperty,PreprocessorDefinitions,
C:\Program Files\Microsoft Visual Studio\18\Community\MSBuild\Microsoft\VC\v180\1033\midl.xml,MIDL,StringListProperty,AdditionalIncludeDirectories,
C:\Program Files\Microsoft Visual Studio\18\Community\MSBuild\Microsoft\VC\v180\1033\midl.xml,MIDL,StringListProperty,AdditionalMetadataDirectories,
C:\Program Files\Microsoft Visual Studio\18\Community\MSBuild\Microsoft\VC\v180\1033\midl.xml,MIDL,BoolProperty,EnableWindowsRuntime,
C:\Program Files\Microsoft Visual Studio\18\Community\MSBuild\Microsoft\VC\v180\1033\midl.xml,MIDL,BoolProperty,IgnoreStandardIncludePath,
C:\Program Files\Microsoft Visual Studio\18\Community\MSBuild\Microsoft\VC\v180\1033\midl.xml,MIDL,BoolProperty,MkTypLibCompatible,
C:\Program Files\Microsoft Visual Studio\18\Community\MSBuild\Microsoft\VC\v180\1033\midl.xml,MIDL,EnumProperty,WarningLevel,0;1;2;3;4
C:\Program Files\Microsoft Visual Studio\18\Community\MSBuild\Microsoft\VC\v180\1033\midl.xml,MIDL,BoolProperty,WarnAsError,
C:\Program Files\Microsoft Visual Studio\18\Community\MSBuild\Microsoft\VC\v180\1033\midl.xml,MIDL,BoolProperty,SuppressStartupBanner,
C:\Program Files\Microsoft Visual Studio\18\Community\MSBuild\Microsoft\VC\v180\1033\midl.xml,MIDL,EnumProperty,DefaultCharType,Signed;Unsigned;Ascii
C:\Program Files\Microsoft Visual Studio\18\Community\MSBuild\Microsoft\VC\v180\1033\midl.xml,MIDL,EnumProperty,TargetEnvironment,NotSet;Win32;Itanium;ARM32;ARM64;X64
C:\Program Files\Microsoft Visual Studio\18\Community\MSBuild\Microsoft\VC\v180\1033\midl.xml,MIDL,BoolProperty,GenerateStublessProxies,
C:\Program Files\Microsoft Visual Studio\18\Community\MSBuild\Microsoft\VC\v180\1033\midl.xml,MIDL,BoolProperty,SuppressCompilerWarnings,
C:\Program Files\Microsoft Visual Studio\18\Community\MSBuild\Microsoft\VC\v180\1033\midl.xml,MIDL,BoolProperty,ApplicationConfigurationMode,
C:\Program Files\Microsoft Visual Studio\18\Community\MSBuild\Microsoft\VC\v180\1033\midl.xml,MIDL,IntProperty,LocaleID,
C:\Program Files\Microsoft Visual Studio\18\Community\MSBuild\Microsoft\VC\v180\1033\midl.xml,MIDL,BoolProperty,MultiProcMIDL,
C:\Program Files\Microsoft Visual Studio\18\Community\MSBuild\Microsoft\VC\v180\1033\midl.xml,MIDL,StringProperty,OutputDirectory,
C:\Program Files\Microsoft Visual Studio\18\Community\MSBuild\Microsoft\VC\v180\1033\midl.xml,MIDL,StringProperty,MetadataFileName,
C:\Program Files\Microsoft Visual Studio\18\Community\MSBuild\Microsoft\VC\v180\1033\midl.xml,MIDL,StringProperty,HeaderFileName,
C:\Program Files\Microsoft Visual Studio\18\Community\MSBuild\Microsoft\VC\v180\1033\midl.xml,MIDL,StringProperty,DllDataFileName,
C:\Program Files\Microsoft Visual Studio\18\Community\MSBuild\Microsoft\VC\v180\1033\midl.xml,MIDL,StringProperty,InterfaceIdentifierFileName,
C:\Program Files\Microsoft Visual Studio\18\Community\MSBuild\Microsoft\VC\v180\1033\midl.xml,MIDL,StringProperty,ProxyFileName,
C:\Program Files\Microsoft Visual Studio\18\Community\MSBuild\Microsoft\VC\v180\1033\midl.xml,MIDL,BoolProperty,GenerateTypeLibrary,
C:\Program Files\Microsoft Visual Studio\18\Community\MSBuild\Microsoft\VC\v180\1033\midl.xml,MIDL,StringProperty,TypeLibraryName,
C:\Program Files\Microsoft Visual Studio\18\Community\MSBuild\Microsoft\VC\v180\1033\midl.xml,MIDL,EnumProperty,GenerateClientFiles,Stub;None
C:\Program Files\Microsoft Visual Studio\18\Community\MSBuild\Microsoft\VC\v180\1033\midl.xml,MIDL,EnumProperty,GenerateServerFiles,Stub;None
C:\Program Files\Microsoft Visual Studio\18\Community\MSBuild\Microsoft\VC\v180\1033\midl.xml,MIDL,StringProperty,ClientStubFile,
C:\Program Files\Microsoft Visual Studio\18\Community\MSBuild\Microsoft\VC\v180\1033\midl.xml,MIDL,StringProperty,ServerStubFile,
C:\Program Files\Microsoft Visual Studio\18\Community\MSBuild\Microsoft\VC\v180\1033\midl.xml,MIDL,EnumProperty,TypeLibFormat,NewFormat;OldFormat
C:\Program Files\Microsoft Visual Studio\18\Community\MSBuild\Microsoft\VC\v180\1033\midl.xml,MIDL,StringProperty,CPreprocessOptions,
C:\Program Files\Microsoft Visual Studio\18\Community\MSBuild\Microsoft\VC\v180\1033\midl.xml,MIDL,StringListProperty,UndefinePreprocessorDefinitions,
C:\Program Files\Microsoft Visual Studio\18\Community\MSBuild\Microsoft\VC\v180\1033\midl.xml,MIDL,EnumProperty,EnableErrorChecks,EnableCustom;All;None
C:\Program Files\Microsoft Visual Studio\18\Community\MSBuild\Microsoft\VC\v180\1033\midl.xml,MIDL,BoolProperty,ErrorCheckAllocations,
C:\Program Files\Microsoft Visual Studio\18\Community\MSBuild\Microsoft\VC\v180\1033\midl.xml,MIDL,BoolProperty,ErrorCheckBounds,
C:\Program Files\Microsoft Visual Studio\18\Community\MSBuild\Microsoft\VC\v180\1033\midl.xml,MIDL,BoolProperty,ErrorCheckEnumRange,
C:\Program Files\Microsoft Visual Studio\18\Community\MSBuild\Microsoft\VC\v180\1033\midl.xml,MIDL,BoolProperty,ErrorCheckRefPointers,
C:\Program Files\Microsoft Visual Studio\18\Community\MSBuild\Microsoft\VC\v180\1033\midl.xml,MIDL,BoolProperty,ErrorCheckStubData,
C:\Program Files\Microsoft Visual Studio\18\Community\MSBuild\Microsoft\VC\v180\1033\midl.xml,MIDL,BoolProperty,Enumclass,
C:\Program Files\Microsoft Visual Studio\18\Community\MSBuild\Microsoft\VC\v180\1033\midl.xml,MIDL,BoolProperty,PrependWithABINamepsace,
C:\Program Files\Microsoft Visual Studio\18\Community\MSBuild\Microsoft\VC\v180\1033\midl.xml,MIDL,BoolProperty,ValidateAllParameters,
C:\Program Files\Microsoft Visual Studio\18\Community\MSBuild\Microsoft\VC\v180\1033\midl.xml,MIDL,EnumProperty,StructMemberAlignment,NotSet;1;2;4;8
C:\Program Files\Microsoft Visual Studio\18\Community\MSBuild\Microsoft\VC\v180\1033\midl.xml,MIDL,StringProperty,RedirectOutputAndErrors,
C:\Program Files\Microsoft Visual Studio\18\Community\MSBuild\Microsoft\VC\v180\1033\midl.xml,MIDL,StringProperty,MinimumTargetSystem,
C:\Program Files\Microsoft Visual Studio\18\Community\MSBuild\Microsoft\VC\v180\1033\midl.xml,MIDL,StringProperty,AdditionalOptions,
C:\Program Files\Microsoft Visual Studio\18\Community\MSBuild\Microsoft\VC\v180\1033\midl.xml,MIDL,StringProperty,TrackerLogDirectory,
C:\Program Files\Microsoft Visual Studio\18\Community\MSBuild\Microsoft\VC\v180\1033\mt.xml,Mt,BoolProperty,SuppressStartupBanner,
C:\Program Files\Microsoft Visual Studio\18\Community\MSBuild\Microsoft\VC\v180\1033\mt.xml,Mt,BoolProperty,VerboseOutput,
C:\Program Files\Microsoft Visual Studio\18\Community\MSBuild\Microsoft\VC\v180\1033\mt.xml,Mt,StringProperty,AssemblyIdentity,
C:\Program Files\Microsoft Visual Studio\18\Community\MSBuild\Microsoft\VC\v180\1033\mt.xml,Mt,StringListProperty,AdditionalManifestFiles,
C:\Program Files\Microsoft Visual Studio\18\Community\MSBuild\Microsoft\VC\v180\1033\mt.xml,Mt,StringProperty,InputResourceManifests,
C:\Program Files\Microsoft Visual Studio\18\Community\MSBuild\Microsoft\VC\v180\1033\mt.xml,Mt,BoolProperty,EmbedManifest,
C:\Program Files\Microsoft Visual Studio\18\Community\MSBuild\Microsoft\VC\v180\1033\mt.xml,Mt,StringProperty,OutputManifestFile,
C:\Program Files\Microsoft Visual Studio\18\Community\MSBuild\Microsoft\VC\v180\1033\mt.xml,Mt,StringProperty,ResourceOutputFileName,
C:\Program Files\Microsoft Visual Studio\18\Community\MSBuild\Microsoft\VC\v180\1033\mt.xml,Mt,BoolProperty,GenerateCatalogFiles,
C:\Program Files\Microsoft Visual Studio\18\Community\MSBuild\Microsoft\VC\v180\1033\mt.xml,Mt,StringProperty,DependencyInformationFile,
C:\Program Files\Microsoft Visual Studio\18\Community\MSBuild\Microsoft\VC\v180\1033\mt.xml,Mt,StringProperty,OutputResourceManifests,
C:\Program Files\Microsoft Visual Studio\18\Community\MSBuild\Microsoft\VC\v180\1033\mt.xml,Mt,StringProperty,ManifestFromManagedAssembly,
C:\Program Files\Microsoft Visual Studio\18\Community\MSBuild\Microsoft\VC\v180\1033\mt.xml,Mt,BoolProperty,SuppressDependencyElement,
C:\Program Files\Microsoft Visual Studio\18\Community\MSBuild\Microsoft\VC\v180\1033\mt.xml,Mt,BoolProperty,GenerateCategoryTags,
C:\Program Files\Microsoft Visual Studio\18\Community\MSBuild\Microsoft\VC\v180\1033\mt.xml,Mt,EnumProperty,EnableDpiAwareness,false;true;PerMonitorHighDPIAware
C:\Program Files\Microsoft Visual Studio\18\Community\MSBuild\Microsoft\VC\v180\1033\mt.xml,Mt,BoolProperty,EnableSegmentHeap,
C:\Program Files\Microsoft Visual Studio\18\Community\MSBuild\Microsoft\VC\v180\1033\mt.xml,Mt,StringProperty,TypeLibraryFile,
C:\Program Files\Microsoft Visual Studio\18\Community\MSBuild\Microsoft\VC\v180\1033\mt.xml,Mt,StringProperty,RegistrarScriptFile,
C:\Program Files\Microsoft Visual Studio\18\Community\MSBuild\Microsoft\VC\v180\1033\mt.xml,Mt,StringProperty,ComponentFileName,
C:\Program Files\Microsoft Visual Studio\18\Community\MSBuild\Microsoft\VC\v180\1033\mt.xml,Mt,StringProperty,ReplacementsFile,
C:\Program Files\Microsoft Visual Studio\18\Community\MSBuild\Microsoft\VC\v180\1033\mt.xml,Mt,BoolProperty,UpdateFileHashes,
C:\Program Files\Microsoft Visual Studio\18\Community\MSBuild\Microsoft\VC\v180\1033\mt.xml,Mt,StringProperty,UpdateFileHashesSearchPath,
C:\Program Files\Microsoft Visual Studio\18\Community\MSBuild\Microsoft\VC\v180\1033\mt.xml,Mt,StringProperty,AdditionalOptions,
C:\Program Files\Microsoft Visual Studio\18\Community\MSBuild\Microsoft\VC\v180\1033\mt.xml,Mt,StringProperty,TrackerLogDirectory,
C:\Program Files\Microsoft Visual Studio\18\Community\MSBuild\Microsoft\VC\v180\1033\nmake.xml,ConfigurationNMake,StringProperty,NMakeBuildCommandLine,
C:\Program Files\Microsoft Visual Studio\18\Community\MSBuild\Microsoft\VC\v180\1033\nmake.xml,ConfigurationNMake,StringProperty,NMakeReBuildCommandLine,
C:\Program Files\Microsoft Visual Studio\18\Community\MSBuild\Microsoft\VC\v180\1033\nmake.xml,ConfigurationNMake,StringProperty,NMakeCleanCommandLine,
C:\Program Files\Microsoft Visual Studio\18\Community\MSBuild\Microsoft\VC\v180\1033\nmake.xml,ConfigurationNMake,StringProperty,NMakeCompileFileCommandLine,
C:\Program Files\Microsoft Visual Studio\18\Community\MSBuild\Microsoft\VC\v180\1033\nmake.xml,ConfigurationNMake,StringProperty,NMakeOutput,
C:\Program Files\Microsoft Visual Studio\18\Community\MSBuild\Microsoft\VC\v180\1033\nmake.xml,ConfigurationNMake,StringListProperty,NMakePreprocessorDefinitions,
C:\Program Files\Microsoft Visual Studio\18\Community\MSBuild\Microsoft\VC\v180\1033\nmake.xml,ConfigurationNMake,StringListProperty,NMakeIncludeSearchPath,
C:\Program Files\Microsoft Visual Studio\18\Community\MSBuild\Microsoft\VC\v180\1033\nmake.xml,ConfigurationNMake,StringListProperty,NMakeForcedIncludes,
C:\Program Files\Microsoft Visual Studio\18\Community\MSBuild\Microsoft\VC\v180\1033\nmake.xml,ConfigurationNMake,StringListProperty,NMakeAssemblySearchPath,
C:\Program Files\Microsoft Visual Studio\18\Community\MSBuild\Microsoft\VC\v180\1033\nmake.xml,ConfigurationNMake,StringListProperty,NMakeForcedUsingAssemblies,
C:\Program Files\Microsoft Visual Studio\18\Community\MSBuild\Microsoft\VC\v180\1033\nmake.xml,ConfigurationNMake,StringProperty,AdditionalOptions,
C:\Program Files\Microsoft Visual Studio\18\Community\MSBuild\Microsoft\VC\v180\1033\rc.xml,RC,StringListProperty,PreprocessorDefinitions,
C:\Program Files\Microsoft Visual Studio\18\Community\MSBuild\Microsoft\VC\v180\1033\rc.xml,RC,StringListProperty,DesigntimePreprocessorDefinitions,
C:\Program Files\Microsoft Visual Studio\18\Community\MSBuild\Microsoft\VC\v180\1033\rc.xml,RC,StringListProperty,UndefinePreprocessorDefinitions,
C:\Program Files\Microsoft Visual Studio\18\Community\MSBuild\Microsoft\VC\v180\1033\rc.xml,RC,DynamicEnumProperty,Culture,
C:\Program Files\Microsoft Visual Studio\18\Community\MSBuild\Microsoft\VC\v180\1033\rc.xml,RC,StringListProperty,AdditionalIncludeDirectories,
C:\Program Files\Microsoft Visual Studio\18\Community\MSBuild\Microsoft\VC\v180\1033\rc.xml,RC,BoolProperty,IgnoreStandardIncludePath,
C:\Program Files\Microsoft Visual Studio\18\Community\MSBuild\Microsoft\VC\v180\1033\rc.xml,RC,BoolProperty,ShowProgress,
C:\Program Files\Microsoft Visual Studio\18\Community\MSBuild\Microsoft\VC\v180\1033\rc.xml,RC,BoolProperty,SuppressStartupBanner,
C:\Program Files\Microsoft Visual Studio\18\Community\MSBuild\Microsoft\VC\v180\1033\rc.xml,RC,StringProperty,ResourceOutputFileName,
C:\Program Files\Microsoft Visual Studio\18\Community\MSBuild\Microsoft\VC\v180\1033\rc.xml,RC,BoolProperty,NullTerminateStrings,
C:\Program Files\Microsoft Visual Studio\18\Community\MSBuild\Microsoft\VC\v180\1033\rc.xml,RC,StringProperty,AdditionalOptions,
C:\Program Files\Microsoft Visual Studio\18\Community\MSBuild\Microsoft\VC\v180\1033\rc.xml,RC,StringProperty,TrackerLogDirectory,
C:\Program Files\Microsoft Visual Studio\18\Community\MSBuild\Microsoft\VC\v180\1033\resgen.xml,Resgen,StringProperty,LogicalName,
C:\Program Files\Microsoft Visual Studio\18\Community\MSBuild\Microsoft\VC\v180\1033\resgen.xml,Resgen,StringProperty,OutputFileName,
C:\Program Files\Microsoft Visual Studio\18\Community\MSBuild\Microsoft\VC\v180\1033\resgen.xml,Resgen,BoolProperty,DefaultLocalizedResources,
C:\Program Files\Microsoft Visual Studio\18\Community\MSBuild\Microsoft\VC\v180\1033\unity_cl_extension.xml,CL,BoolProperty,IncludeInUnityFile,
C:\Program Files\Microsoft Visual Studio\18\Community\MSBuild\Microsoft\VC\v180\1033\unity_cl_extension.xml,CL,IntProperty,OrderInUnityFile,
C:\Program Files\Microsoft Visual Studio\18\Community\MSBuild\Microsoft\VC\v180\1033\unity_cl_extension.xml,CL,BoolProperty,CombineFilesOnlyFromTheSameFolder,
C:\Program Files\Microsoft Visual Studio\18\Community\MSBuild\Microsoft\VC\v180\1033\unity_cl_extension.xml,CL,IntProperty,MinFilesInUnityFile,
C:\Program Files\Microsoft Visual Studio\18\Community\MSBuild\Microsoft\VC\v180\1033\unity_cl_extension.xml,CL,IntProperty,MaxFilesInUnityFile,
C:\Program Files\Microsoft Visual Studio\18\Community\MSBuild\Microsoft\VC\v180\1033\unity_cl_extension.xml,CL,IntProperty,MinUnityFiles,
C:\Program Files\Microsoft Visual Studio\18\Community\MSBuild\Microsoft\VC\v180\1033\unity_cl_extension.xml,CL,StringProperty,AddCodeBeforeSourceInclude,
C:\Program Files\Microsoft Visual Studio\18\Community\MSBuild\Microsoft\VC\v180\1033\unity_cl_extension.xml,CL,StringProperty,AddCodeAfterSourceInclude,
C:\Program Files\Microsoft Visual Studio\18\Community\MSBuild\Microsoft\VC\v180\1033\unity_cl_extension.xml,CL,StringProperty,AddCodeBeforeSourceIncludeFromFile,
C:\Program Files\Microsoft Visual Studio\18\Community\MSBuild\Microsoft\VC\v180\1033\unity_cl_extension.xml,CL,StringProperty,AddCodeAfterSourceIncludeFromFile,
C:\Program Files\Microsoft Visual Studio\18\Community\MSBuild\Microsoft\VC\v180\1033\unity_cl_extension.xml,CL,StringProperty,UnityFilesDirectory,
C:\Program Files\Microsoft Visual Studio\18\Community\MSBuild\Microsoft\VC\v180\1033\unity_cl_extension.xml,CL,BoolProperty,CustomUnityFile,
C:\Program Files\Microsoft Visual Studio\18\Community\MSBuild\Microsoft\VC\v180\1033\xaml.xml,XAML,StringProperty,SuppressXamlWarnings,
C:\Program Files\Microsoft Visual Studio\18\Community\MSBuild\Microsoft\VC\v180\1033\xdcmake.xml,XDCMake,BoolProperty,SlashOld,
C:\Program Files\Microsoft Visual Studio\18\Community\MSBuild\Microsoft\VC\v180\1033\xdcmake.xml,XDCMake,StringProperty,ProjectName,
C:\Program Files\Microsoft Visual Studio\18\Community\MSBuild\Microsoft\VC\v180\1033\xdcmake.xml,XDCMake,BoolProperty,SuppressStartupBanner,
C:\Program Files\Microsoft Visual Studio\18\Community\MSBuild\Microsoft\VC\v180\1033\xdcmake.xml,XDCMake,StringListProperty,AdditionalDocumentFile,
C:\Program Files\Microsoft Visual Studio\18\Community\MSBuild\Microsoft\VC\v180\1033\xdcmake.xml,XDCMake,StringProperty,OutputFile,
C:\Program Files\Microsoft Visual Studio\18\Community\MSBuild\Microsoft\VC\v180\1033\xdcmake.xml,XDCMake,BoolProperty,DocumentLibraryDependencies,
C:\Program Files\Microsoft Visual Studio\18\Community\MSBuild\Microsoft\VC\v180\1033\xdcmake.xml,XDCMake,StringProperty,AdditionalOptions,
C:\Program Files\Microsoft Visual Studio\18\Community\MSBuild\Microsoft\VC\v180\1033\xdcmake.xml,XDCMake,StringProperty,TrackerLogDirectory,
C:\Program Files\Microsoft Visual Studio\18\Community\MSBuild\Microsoft\VC\v180\1033\xp_AppHostDebugger_Local.xml,AppHostLocalDebugger,BoolProperty,DebuggerLaunchApplication,
C:\Program Files\Microsoft Visual Studio\18\Community\MSBuild\Microsoft\VC\v180\1033\xp_AppHostDebugger_Local.xml,AppHostLocalDebugger,EnumProperty,DebuggerType,NativeOnly;ManagedOnly;GPUOnly;Mixed
C:\Program Files\Microsoft Visual Studio\18\Community\MSBuild\Microsoft\VC\v180\1033\xp_AppHostDebugger_Local.xml,AppHostLocalDebugger,DynamicEnumProperty,GPUDebuggerTargetType,
C:\Program Files\Microsoft Visual Studio\18\Community\MSBuild\Microsoft\VC\v180\1033\xp_AppHostDebugger_Local.xml,AppHostLocalDebugger,EnumProperty,GPURefDebuggerBreakOnAllThreads,GPURefBreakOncePerWarp;GPURefBreakForCPUThread
C:\Program Files\Microsoft Visual Studio\18\Community\MSBuild\Microsoft\VC\v180\1033\xsd.xml,XSD,BoolProperty,SuppressStartupBanner,
C:\Program Files\Microsoft Visual Studio\18\Community\MSBuild\Microsoft\VC\v180\1033\xsd.xml,XSD,StringProperty,Namespace,
C:\Program Files\Microsoft Visual Studio\18\Community\MSBuild\Microsoft\VC\v180\1033\xsd.xml,XSD,StringProperty,Language,
C:\Program Files\Microsoft Visual Studio\18\Community\MSBuild\Microsoft\VC\v180\1033\xsd.xml,XSD,EnumProperty,GenerateFromSchema,classes;dataset
C:\Program Files\Microsoft Visual Studio\18\Community\MSBuild\Microsoft\VC\v180\1033\xsd.xml,XSD,StringProperty,AdditionalOptions,
C:\Program Files\Microsoft Visual Studio\18\Community\MSBuild\Microsoft\VC\v180\1033\xsd.xml,XSD,StringProperty,TrackerLogDirectory,
C:\Program Files\Microsoft Visual Studio\18\Community\MSBuild\Microsoft\VC\v180\BuildCustomizations\lc.xml,,StringListProperty,Inputs,
C:\Program Files\Microsoft Visual Studio\18\Community\MSBuild\Microsoft\VC\v180\BuildCustomizations\lc.xml,,BoolProperty,NoLogo,
C:\Program Files\Microsoft Visual Studio\18\Community\MSBuild\Microsoft\VC\v180\BuildCustomizations\lc.xml,,BoolProperty,VerboseOutput,
C:\Program Files\Microsoft Visual Studio\18\Community\MSBuild\Microsoft\VC\v180\BuildCustomizations\lc.xml,,StringProperty,TargetAssembly,
C:\Program Files\Microsoft Visual Studio\18\Community\MSBuild\Microsoft\VC\v180\BuildCustomizations\lc.xml,,StringProperty,OutputDirectory,
C:\Program Files\Microsoft Visual Studio\18\Community\MSBuild\Microsoft\VC\v180\BuildCustomizations\lc.xml,,StringListProperty,ComponentModules,
C:\Program Files\Microsoft Visual Studio\18\Community\MSBuild\Microsoft\VC\v180\BuildCustomizations\lc.xml,,BoolProperty,UseDefaultComponentModules,
C:\Program Files\Microsoft Visual Studio\18\Community\MSBuild\Microsoft\VC\v180\BuildCustomizations\lc.xml,,StringProperty,CommandLineTemplate,
C:\Program Files\Microsoft Visual Studio\18\Community\MSBuild\Microsoft\VC\v180\BuildCustomizations\lc.xml,,DynamicEnumProperty,LicxCompilerBeforeTargets,
C:\Program Files\Microsoft Visual Studio\18\Community\MSBuild\Microsoft\VC\v180\BuildCustomizations\lc.xml,,DynamicEnumProperty,LicxCompilerAfterTargets,
C:\Program Files\Microsoft Visual Studio\18\Community\MSBuild\Microsoft\VC\v180\BuildCustomizations\lc.xml,,StringListProperty,Outputs,
C:\Program Files\Microsoft Visual Studio\18\Community\MSBuild\Microsoft\VC\v180\BuildCustomizations\lc.xml,,StringProperty,ExecutionDescription,
C:\Program Files\Microsoft Visual Studio\18\Community\MSBuild\Microsoft\VC\v180\BuildCustomizations\lc.xml,,StringListProperty,AdditionalDependencies,
C:\Program Files\Microsoft Visual Studio\18\Community\MSBuild\Microsoft\VC\v180\BuildCustomizations\lc.xml,,StringProperty,AdditionalOptions,
C:\Program Files\Microsoft Visual Studio\18\Community\MSBuild\Microsoft\VC\v180\BuildCustomizations\marmasm.xml,,StringProperty,Inputs,
C:\Program Files\Microsoft Visual Studio\18\Community\MSBuild\Microsoft\VC\v180\BuildCustomizations\marmasm.xml,,StringProperty,Errors,
C:\Program Files\Microsoft Visual Studio\18\Community\MSBuild\Microsoft\VC\v180\BuildCustomizations\marmasm.xml,,StringListProperty,IncludePaths,
C:\Program Files\Microsoft Visual Studio\18\Community\MSBuild\Microsoft\VC\v180\BuildCustomizations\marmasm.xml,,StringProperty,PreDefineDirective,
C:\Program Files\Microsoft Visual Studio\18\Community\MSBuild\Microsoft\VC\v180\BuildCustomizations\marmasm.xml,,BoolProperty,NoWarn,
C:\Program Files\Microsoft Visual Studio\18\Community\MSBuild\Microsoft\VC\v180\BuildCustomizations\marmasm.xml,,StringProperty,Ignore,
C:\Program Files\Microsoft Visual Studio\18\Community\MSBuild\Microsoft\VC\v180\BuildCustomizations\marmasm.xml,,EnumProperty,PEMachineType,ARM;THUMB;ARMCE
C:\Program Files\Microsoft Visual Studio\18\Community\MSBuild\Microsoft\VC\v180\BuildCustomizations\marmasm.xml,,BoolProperty,OldIT,
C:\Program Files\Microsoft Visual Studio\18\Community\MSBuild\Microsoft\VC\v180\BuildCustomizations\marmasm.xml,,StringProperty,AdditionalArgumentsFile,
C:\Program Files\Microsoft Visual Studio\18\Community\MSBuild\Microsoft\VC\v180\BuildCustomizations\marmasm.xml,,BoolProperty,GenerateDebugInformation,
C:\Program Files\Microsoft Visual Studio\18\Community\MSBuild\Microsoft\VC\v180\BuildCustomizations\marmasm.xml,,StringProperty,CommandLineTemplate,
C:\Program Files\Microsoft Visual Studio\18\Community\MSBuild\Microsoft\VC\v180\BuildCustomizations\marmasm.xml,,EnumProperty,ErrorReport,Queue;None;Prompt;Send
C:\Program Files\Microsoft Visual Studio\18\Community\MSBuild\Microsoft\VC\v180\BuildCustomizations\marmasm.xml,,StringProperty,ObjectFileName,
C:\Program Files\Microsoft Visual Studio\18\Community\MSBuild\Microsoft\VC\v180\BuildCustomizations\marmasm.xml,,DynamicEnumProperty,MARMASMBeforeTargets,
C:\Program Files\Microsoft Visual Studio\18\Community\MSBuild\Microsoft\VC\v180\BuildCustomizations\marmasm.xml,,DynamicEnumProperty,MARMASMAfterTargets,
C:\Program Files\Microsoft Visual Studio\18\Community\MSBuild\Microsoft\VC\v180\BuildCustomizations\marmasm.xml,,StringProperty,ExecutionDescription,
C:\Program Files\Microsoft Visual Studio\18\Community\MSBuild\Microsoft\VC\v180\BuildCustomizations\marmasm.xml,,StringListProperty,AdditionalDependencies,
C:\Program Files\Microsoft Visual Studio\18\Community\MSBuild\Microsoft\VC\v180\BuildCustomizations\marmasm.xml,,StringProperty,AdditionalOptions,
C:\Program Files\Microsoft Visual Studio\18\Community\MSBuild\Microsoft\VC\v180\BuildCustomizations\marmasm.xml,,BoolProperty,PreprocessWithCl,
C:\Program Files\Microsoft Visual Studio\18\Community\MSBuild\Microsoft\VC\v180\BuildCustomizations\marmasm.xml,,StringListProperty,AdditionalIncludeDirectories,
C:\Program Files\Microsoft Visual Studio\18\Community\MSBuild\Microsoft\VC\v180\BuildCustomizations\marmasm.xml,,BoolProperty,IgnoreStandardIncludePath,
C:\Program Files\Microsoft Visual Studio\18\Community\MSBuild\Microsoft\VC\v180\BuildCustomizations\marmasm.xml,,StringListProperty,PreprocessorDefinitions,
C:\Program Files\Microsoft Visual Studio\18\Community\MSBuild\Microsoft\VC\v180\BuildCustomizations\marmasm.xml,,StringProperty,PreprocessOutputPath,
C:\Program Files\Microsoft Visual Studio\18\Community\MSBuild\Microsoft\VC\v180\BuildCustomizations\marmasm.xml,,StringListProperty,UndefinePreprocessorDefinitions,
C:\Program Files\Microsoft Visual Studio\18\Community\MSBuild\Microsoft\VC\v180\BuildCustomizations\marmasm.xml,,BoolProperty,UndefineAllPreprocessorDefinitions,
C:\Program Files\Microsoft Visual Studio\18\Community\MSBuild\Microsoft\VC\v180\BuildCustomizations\marmasm.xml,,BoolProperty,UseStandardPreprocessor,
C:\Program Files\Microsoft Visual Studio\18\Community\MSBuild\Microsoft\VC\v180\BuildCustomizations\masm.xml,,StringProperty,Inputs,
C:\Program Files\Microsoft Visual Studio\18\Community\MSBuild\Microsoft\VC\v180\BuildCustomizations\masm.xml,,BoolProperty,NoLogo,
C:\Program Files\Microsoft Visual Studio\18\Community\MSBuild\Microsoft\VC\v180\BuildCustomizations\masm.xml,,BoolProperty,GeneratePreprocessedSourceListing,
C:\Program Files\Microsoft Visual Studio\18\Community\MSBuild\Microsoft\VC\v180\BuildCustomizations\masm.xml,,BoolProperty,ListAllAvailableInformation,
C:\Program Files\Microsoft Visual Studio\18\Community\MSBuild\Microsoft\VC\v180\BuildCustomizations\masm.xml,,BoolProperty,UseSafeExceptionHandlers,
C:\Program Files\Microsoft Visual Studio\18\Community\MSBuild\Microsoft\VC\v180\BuildCustomizations\masm.xml,,BoolProperty,AddFirstPassListing,
C:\Program Files\Microsoft Visual Studio\18\Community\MSBuild\Microsoft\VC\v180\BuildCustomizations\masm.xml,,BoolProperty,EnableAssemblyGeneratedCodeListing,
C:\Program Files\Microsoft Visual Studio\18\Community\MSBuild\Microsoft\VC\v180\BuildCustomizations\masm.xml,,BoolProperty,DisableSymbolTable,
C:\Program Files\Microsoft Visual Studio\18\Community\MSBuild\Microsoft\VC\v180\BuildCustomizations\masm.xml,,BoolProperty,EnableFalseConditionalsInListing,
C:\Program Files\Microsoft Visual Studio\18\Community\MSBuild\Microsoft\VC\v180\BuildCustomizations\masm.xml,,BoolProperty,TreatWarningsAsErrors,
C:\Program Files\Microsoft Visual Studio\18\Community\MSBuild\Microsoft\VC\v180\BuildCustomizations\masm.xml,,BoolProperty,MakeAllSymbolsPublic,
C:\Program Files\Microsoft Visual Studio\18\Community\MSBuild\Microsoft\VC\v180\BuildCustomizations\masm.xml,,BoolProperty,GenerateDebugInformation,
C:\Program Files\Microsoft Visual Studio\18\Community\MSBuild\Microsoft\VC\v180\BuildCustomizations\masm.xml,,BoolProperty,EnableMASM51Compatibility,
C:\Program Files\Microsoft Visual Studio\18\Community\MSBuild\Microsoft\VC\v180\BuildCustomizations\masm.xml,,BoolProperty,PerformSyntaxCheckOnly,
C:\Program Files\Microsoft Visual Studio\18\Community\MSBuild\Microsoft\VC\v180\BuildCustomizations\masm.xml,,StringProperty,ObjectFileName,
C:\Program Files\Microsoft Visual Studio\18\Community\MSBuild\Microsoft\VC\v180\BuildCustomizations\masm.xml,,StringListProperty,PreprocessorDefinitions,
C:\Program Files\Microsoft Visual Studio\18\Community\MSBuild\Microsoft\VC\v180\BuildCustomizations\masm.xml,,StringProperty,AssembledCodeListingFile,
C:\Program Files\Microsoft Visual Studio\18\Community\MSBuild\Microsoft\VC\v180\BuildCustomizations\masm.xml,,StringListProperty,IncludePaths,
C:\Program Files\Microsoft Visual Studio\18\Community\MSBuild\Microsoft\VC\v180\BuildCustomizations\masm.xml,,StringListProperty,BrowseFile,
C:\Program Files\Microsoft Visual Studio\18\Community\MSBuild\Microsoft\VC\v180\BuildCustomizations\masm.xml,,EnumProperty,PreserveIdentifierCase,0;1;2;3
C:\Program Files\Microsoft Visual Studio\18\Community\MSBuild\Microsoft\VC\v180\BuildCustomizations\masm.xml,,EnumProperty,WarningLevel,0;1;2;3
C:\Program Files\Microsoft Visual Studio\18\Community\MSBuild\Microsoft\VC\v180\BuildCustomizations\masm.xml,,EnumProperty,PackAlignmentBoundary,0;1;2;3;4;5
C:\Program Files\Microsoft Visual Studio\18\Community\MSBuild\Microsoft\VC\v180\BuildCustomizations\masm.xml,,EnumProperty,CallingConvention,0;1;2;3
C:\Program Files\Microsoft Visual Studio\18\Community\MSBuild\Microsoft\VC\v180\BuildCustomizations\masm.xml,,EnumProperty,ErrorReporting,0;1;2;3
C:\Program Files\Microsoft Visual Studio\18\Community\MSBuild\Microsoft\VC\v180\BuildCustomizations\masm.xml,,StringProperty,CommandLineTemplate,
C:\Program Files\Microsoft Visual Studio\18\Community\MSBuild\Microsoft\VC\v180\BuildCustomizations\masm.xml,,DynamicEnumProperty,MASMBeforeTargets,
C:\Program Files\Microsoft Visual Studio\18\Community\MSBuild\Microsoft\VC\v180\BuildCustomizations\masm.xml,,DynamicEnumProperty,MASMAfterTargets,
C:\Program Files\Microsoft Visual Studio\18\Community\MSBuild\Microsoft\VC\v180\BuildCustomizations\masm.xml,,StringProperty,ExecutionDescription,
C:\Program Files\Microsoft Visual Studio\18\Community\MSBuild\Microsoft\VC\v180\BuildCustomizations\masm.xml,,StringListProperty,AdditionalDependencies,
C:\Program Files\Microsoft Visual Studio\18\Community\MSBuild\Microsoft\VC\v180\BuildCustomizations\masm.xml,,StringProperty,AdditionalOptions,
C:\Program Files\Microsoft Visual Studio\18\Community\MSBuild\Microsoft\VC\v180\BuildCustomizations\1033\ImageContentTask.xml,,EnumProperty,Compress,None;BC1_UNORM;BC1_UNORM_SRGB;BC2_UNORM;BC2_UNORM_SRGB;BC3_UNORM;BC3_UNORM_SRGB;BC4_UNORM;BC4_SNORM;BC5_UNORM;BC5_SNORM;BC6H_UF16;BC6H_SF16;BC7_UNORM;BC7_UNORM_SRGB
C:\Program Files\Microsoft Visual Studio\18\Community\MSBuild\Microsoft\VC\v180\BuildCustomizations\1033\ImageContentTask.xml,,BoolProperty,GeneratePremultipliedAlpha,
C:\Program Files\Microsoft Visual Studio\18\Community\MSBuild\Microsoft\VC\v180\BuildCustomizations\1033\ImageContentTask.xml,,BoolProperty,GenerateMips,
C:\Program Files\Microsoft Visual Studio\18\Community\MSBuild\Microsoft\VC\v180\BuildCustomizations\1033\ImageContentTask.xml,,StringProperty,ContentOutput,
C:\Program Files\Microsoft Visual Studio\18\Community\MSBuild\Microsoft\VC\v180\BuildCustomizations\1033\MeshContentTask.xml,,StringProperty,ContentOutput,
C:\Program Files\Microsoft Visual Studio\18\Community\MSBuild\Microsoft\VC\v180\BuildCustomizations\1033\ShaderGraphContentTask.xml,,StringProperty,ContentOutput,
C:\Program Files\Microsoft Visual Studio\18\Community\MSBuild\Microsoft\VC\v170\1033\AppHostDebugger_Local.xml,AppHostLocalDebugger,BoolProperty,DebuggerLaunchApplication,
C:\Program Files\Microsoft Visual Studio\18\Community\MSBuild\Microsoft\VC\v170\1033\AppHostDebugger_Local.xml,AppHostLocalDebugger,BoolProperty,AllowLocalNetworkLoopback,
C:\Program Files\Microsoft Visual Studio\18\Community\MSBuild\Microsoft\VC\v170\1033\AppHostDebugger_Local.xml,AppHostLocalDebugger,EnumProperty,DebuggerType,NativeOnly;ManagedCore;GPUOnly;Script;NativeWithManagedCore;NativeWithScript
C:\Program Files\Microsoft Visual Studio\18\Community\MSBuild\Microsoft\VC\v170\1033\AppHostDebugger_Local.xml,AppHostLocalDebugger,DynamicEnumProperty,GPUDebuggerTargetType,
C:\Program Files\Microsoft Visual Studio\18\Community\MSBuild\Microsoft\VC\v170\1033\AppHostDebugger_Local.xml,AppHostLocalDebugger,EnumProperty,GPURefDebuggerBreakOnAllThreads,GPURefBreakOncePerWarp;GPURefBreakForCPUThread
C:\Program Files\Microsoft Visual Studio\18\Community\MSBuild\Microsoft\VC\v170\1033\AppHostDebugger_Local.xml,AppHostLocalDebugger,DynamicEnumProperty,DebuggerAmpDefaultAccelerator,
C:\Program Files\Microsoft Visual Studio\18\Community\MSBuild\Microsoft\VC\v170\1033\AppHostDebugger_Local.xml,AppHostLocalDebugger,StringProperty,LayoutDir,
C:\Program Files\Microsoft Visual Studio\18\Community\MSBuild\Microsoft\VC\v170\1033\AppHostDebugger_Local.xml,AppHostLocalDebugger,StringProperty,CommandLineArgs,
C:\Program Files\Microsoft Visual Studio\18\Community\MSBuild\Microsoft\VC\v170\1033\AppHostDebugger_Remote.xml,UWPRemoteDebugger,BoolProperty,DebuggerLaunchApplication,
C:\Program Files\Microsoft Visual Studio\18\Community\MSBuild\Microsoft\VC\v170\1033\AppHostDebugger_Remote.xml,UWPRemoteDebugger,BoolProperty,AllowLocalNetworkLoopback,
C:\Program Files\Microsoft Visual Studio\18\Community\MSBuild\Microsoft\VC\v170\1033\AppHostDebugger_Remote.xml,UWPRemoteDebugger,EnumProperty,DebuggerType,NativeOnly;ManagedCore;GPUOnly;Script;NativeWithManagedCore;NativeWithScript
C:\Program Files\Microsoft Visual Studio\18\Community\MSBuild\Microsoft\VC\v170\1033\AppHostDebugger_Remote.xml,UWPRemoteDebugger,StringProperty,DebuggerMachineName,
C:\Program Files\Microsoft Visual Studio\18\Community\MSBuild\Microsoft\VC\v170\1033\AppHostDebugger_Remote.xml,UWPRemoteDebugger,EnumProperty,DebuggerRequireAuthentication,True;False;Universal
C:\Program Files\Microsoft Visual Studio\18\Community\MSBuild\Microsoft\VC\v170\1033\AppHostDebugger_Remote.xml,UWPRemoteDebugger,DynamicEnumProperty,GPUDebuggerTargetType,
C:\Program Files\Microsoft Visual Studio\18\Community\MSBuild\Microsoft\VC\v170\1033\AppHostDebugger_Remote.xml,UWPRemoteDebugger,EnumProperty,GPURefDebuggerBreakOnAllThreads,GPURefBreakOncePerWarp;GPURefBreakForCPUThread
C:\Program Files\Microsoft Visual Studio\18\Community\MSBuild\Microsoft\VC\v170\1033\AppHostDebugger_Remote.xml,UWPRemoteDebugger,BoolProperty,RemoteDebuggerDeployDebugCppRuntime,
C:\Program Files\Microsoft Visual Studio\18\Community\MSBuild\Microsoft\VC\v170\1033\AppHostDebugger_Remote.xml,UWPRemoteDebugger,DynamicEnumProperty,DebuggerAmpDefaultAccelerator,
C:\Program Files\Microsoft Visual Studio\18\Community\MSBuild\Microsoft\VC\v170\1033\AppHostDebugger_Remote.xml,UWPRemoteDebugger,StringProperty,LayoutDir,
C:\Program Files\Microsoft Visual Studio\18\Community\MSBuild\Microsoft\VC\v170\1033\AppHostDebugger_Remote.xml,UWPRemoteDebugger,EnumProperty,RemoteDeploymentType,CopyToDevice;RegisterFromNetwork
C:\Program Files\Microsoft Visual Studio\18\Community\MSBuild\Microsoft\VC\v170\1033\AppHostDebugger_Remote.xml,UWPRemoteDebugger,StringProperty,PackageRegistrationPath,
C:\Program Files\Microsoft Visual Studio\18\Community\MSBuild\Microsoft\VC\v170\1033\AppHostDebugger_Remote.xml,UWPRemoteDebugger,BoolProperty,RemoveNonLayoutFiles,
C:\Program Files\Microsoft Visual Studio\18\Community\MSBuild\Microsoft\VC\v170\1033\AppHostDebugger_Remote.xml,UWPRemoteDebugger,StringProperty,CommandLineArgs,
C:\Program Files\Microsoft Visual Studio\18\Community\MSBuild\Microsoft\VC\v170\1033\bscmake.xml,BSCMake,BoolProperty,SuppressStartupBanner,
C:\Program Files\Microsoft Visual Studio\18\Community\MSBuild\Microsoft\VC\v170\1033\bscmake.xml,BSCMake,StringProperty,OutputFile,
C:\Program Files\Microsoft Visual Studio\18\Community\MSBuild\Microsoft\VC\v170\1033\bscmake.xml,BSCMake,BoolProperty,PreserveSbr,
C:\Program Files\Microsoft Visual Studio\18\Community\MSBuild\Microsoft\VC\v170\1033\bscmake.xml,BSCMake,StringProperty,TrackerLogDirectory,
C:\Program Files\Microsoft Visual Studio\18\Community\MSBuild\Microsoft\VC\v170\1033\bscmake.xml,BSCMake,StringProperty,AdditionalOptions,
C:\Program Files\Microsoft Visual Studio\18\Community\MSBuild\Microsoft\VC\v170\1033\build_events.xml,ConfigurationBuildEvents,StringProperty,PreBuildCommand,
C:\Program Files\Microsoft Visual Studio\18\Community\MSBuild\Microsoft\VC\v170\1033\build_events.xml,ConfigurationBuildEvents,StringProperty,PreBuildMessage,
C:\Program Files\Microsoft Visual Studio\18\Community\MSBuild\Microsoft\VC\v170\1033\build_events.xml,ConfigurationBuildEvents,BoolProperty,PreBuildEventUseInBuild,
C:\Program Files\Microsoft Visual Studio\18\Community\MSBuild\Microsoft\VC\v170\1033\build_events.xml,ConfigurationBuildEvents,StringProperty,PreLinkCommand,
C:\Program Files\Microsoft Visual Studio\18\Community\MSBuild\Microsoft\VC\v170\1033\build_events.xml,ConfigurationBuildEvents,StringProperty,PreLinkMessage,
C:\Program Files\Microsoft Visual Studio\18\Community\MSBuild\Microsoft\VC\v170\1033\build_events.xml,ConfigurationBuildEvents,BoolProperty,PreLinkEventUseInBuild,
C:\Program Files\Microsoft Visual Studio\18\Community\MSBuild\Microsoft\VC\v170\1033\build_events.xml,ConfigurationBuildEvents,StringProperty,PostBuildCommand,
C:\Program Files\Microsoft Visual Studio\18\Community\MSBuild\Microsoft\VC\v170\1033\build_events.xml,ConfigurationBuildEvents,StringProperty,PostBuildMessage,
C:\Program Files\Microsoft Visual Studio\18\Community\MSBuild\Microsoft\VC\v170\1033\build_events.xml,ConfigurationBuildEvents,BoolProperty,PostBuildEventUseInBuild,
C:\Program Files\Microsoft Visual Studio\18\Community\MSBuild\Microsoft\VC\v170\1033\cl.xml,CL,StringListProperty,AdditionalIncludeDirectories,
C:\Program Files\Microsoft Visual Studio\18\Community\MSBuild\Microsoft\VC\v170\1033\cl.xml,CL,StringListProperty,AdditionalUsingDirectories,
C:\Program Files\Microsoft Visual Studio\18\Community\MSBuild\Microsoft\VC\v170\1033\cl.xml,CL,StringListProperty,AdditionalBMIDirectories,
C:\Program Files\Microsoft Visual Studio\18\Community\MSBuild\Microsoft\VC\v170\1033\cl.xml,CL,StringListProperty,AdditionalModuleDependencies,
C:\Program Files\Microsoft Visual Studio\18\Community\MSBuild\Microsoft\VC\v170\1033\cl.xml,CL,StringListProperty,AdditionalHeaderUnitDependencies,
C:\Program Files\Microsoft Visual Studio\18\Community\MSBuild\Microsoft\VC\v170\1033\cl.xml,CL,BoolProperty,ScanSourceForModuleDependencies,
C:\Program Files\Microsoft Visual Studio\18\Community\MSBuild\Microsoft\VC\v170\1033\cl.xml,CL,BoolProperty,TranslateIncludes,
C:\Program Files\Microsoft Visual Studio\18\Community\MSBuild\Microsoft\VC\v170\1033\cl.xml,CL,EnumProperty,DebugInformationFormat,None;OldStyle;ProgramDatabase;EditAndContinue
C:\Program Files\Microsoft Visual Studio\18\Community\MSBuild\Microsoft\VC\v170\1033\cl.xml,CL,BoolProperty,SupportJustMyCode,
C:\Program Files\Microsoft Visual Studio\18\Community\MSBuild\Microsoft\VC\v170\1033\cl.xml,CL,BoolProperty,UseDynamicDebugging,
C:\Program Files\Microsoft Visual Studio\18\Community\MSBuild\Microsoft\VC\v170\1033\cl.xml,CL,StringProperty,DynamicDebuggingSuffix,
C:\Program Files\Microsoft Visual Studio\18\Community\MSBuild\Microsoft\VC\v170\1033\cl.xml,CL,EnumProperty,CompileAsManaged,false;true;Pure;Safe
C:\Program Files\Microsoft Visual Studio\18\Community\MSBuild\Microsoft\VC\v170\1033\cl.xml,CL,BoolProperty,CompileAsWinRT,
C:\Program Files\Microsoft Visual Studio\18\Community\MSBuild\Microsoft\VC\v170\1033\cl.xml,CL,BoolProperty,WinRTNoStdLib,
C:\Program Files\Microsoft Visual Studio\18\Community\MSBuild\Microsoft\VC\v170\1033\cl.xml,CL,BoolProperty,SuppressStartupBanner,
C:\Program Files\Microsoft Visual Studio\18\Community\MSBuild\Microsoft\VC\v170\1033\cl.xml,CL,EnumProperty,WarningLevel,TurnOffAllWarnings;Level1;Level2;Level3;Level4;EnableAllWarnings
C:\Program Files\Microsoft Visual Studio\18\Community\MSBuild\Microsoft\VC\v170\1033\cl.xml,CL,BoolProperty,TreatWarningAsError,
C:\Program Files\Microsoft Visual Studio\18\Community\MSBuild\Microsoft\VC\v170\1033\cl.xml,CL,StringProperty,WarningVersion,
C:\Program Files\Microsoft Visual Studio\18\Community\MSBuild\Microsoft\VC\v170\1033\cl.xml,CL,EnumProperty,DiagnosticsFormat,Caret;Column;Classic
C:\Program Files\Microsoft Visual Studio\18\Community\MSBuild\Microsoft\VC\v170\1033\cl.xml,CL,BoolProperty,SDLCheck,
C:\Program Files\Microsoft Visual Studio\18\Community\MSBuild\Microsoft\VC\v170\1033\cl.xml,CL,StringProperty,TrackerLogDirectory,
C:\Program Files\Microsoft Visual Studio\18\Community\MSBuild\Microsoft\VC\v170\1033\cl.xml,CL,BoolProperty,MultiProcessorCompilation,
C:\Program Files\Microsoft Visual Studio\18\Community\MSBuild\Microsoft\VC\v170\1033\cl.xml,CL,IntProperty,ProcessorNumber,
C:\Program Files\Microsoft Visual Studio\18\Community\MSBuild\Microsoft\VC\v170\1033\cl.xml,CL,BoolProperty,ForceSynchronousPDBWrites,
C:\Program Files\Microsoft Visual Studio\18\Community\MSBuild\Microsoft\VC\v170\1033\cl.xml,CL,BoolProperty,EnableASAN,
C:\Program Files\Microsoft Visual Studio\18\Community\MSBuild\Microsoft\VC\v170\1033\cl.xml,CL,BoolProperty,EnableFuzzer,
C:\Program Files\Microsoft Visual Studio\18\Community\MSBuild\Microsoft\VC\v170\1033\cl.xml,CL,EnumProperty,Optimization,Custom;Disabled;MinSpace;MaxSpeed;Full
C:\Program Files\Microsoft Visual Studio\18\Community\MSBuild\Microsoft\VC\v170\1033\cl.xml,CL,EnumProperty,InlineFunctionExpansion,Default;Disabled;OnlyExplicitInline;AnySuitable
C:\Program Files\Microsoft Visual Studio\18\Community\MSBuild\Microsoft\VC\v170\1033\cl.xml,CL,BoolProperty,IntrinsicFunctions,
C:\Program Files\Microsoft Visual Studio\18\Community\MSBuild\Microsoft\VC\v170\1033\cl.xml,CL,EnumProperty,FavorSizeOrSpeed,Size;Speed;Neither
C:\Program Files\Microsoft Visual Studio\18\Community\MSBuild\Microsoft\VC\v170\1033\cl.xml,CL,BoolProperty,OmitFramePointers,
C:\Program Files\Microsoft Visual Studio\18\Community\MSBuild\Microsoft\VC\v170\1033\cl.xml,CL,BoolProperty,EnableFiberSafeOptimizations,
C:\Program Files\Microsoft Visual Studio\18\Community\MSBuild\Microsoft\VC\v170\1033\cl.xml,CL,BoolProperty,WholeProgramOptimization,
C:\Program Files\Microsoft Visual Studio\18\Community\MSBuild\Microsoft\VC\v170\1033\cl.xml,CL,StringListProperty,PreprocessorDefinitions,
C:\Program Files\Microsoft Visual Studio\18\Community\MSBuild\Microsoft\VC\v170\1033\cl.xml,CL,StringListProperty,UndefinePreprocessorDefinitions,
C:\Program Files\Microsoft Visual Studio\18\Community\MSBuild\Microsoft\VC\v170\1033\cl.xml,CL,BoolProperty,UndefineAllPreprocessorDefinitions,
C:\Program Files\Microsoft Visual Studio\18\Community\MSBuild\Microsoft\VC\v170\1033\cl.xml,CL,BoolProperty,IgnoreStandardIncludePath,
C:\Program Files\Microsoft Visual Studio\18\Community\MSBuild\Microsoft\VC\v170\1033\cl.xml,CL,BoolProperty,PreprocessToFile,
C:\Program Files\Microsoft Visual Studio\18\Community\MSBuild\Microsoft\VC\v170\1033\cl.xml,CL,StringProperty,PreprocessOutputPath,
C:\Program Files\Microsoft Visual Studio\18\Community\MSBuild\Microsoft\VC\v170\1033\cl.xml,CL,BoolProperty,PreprocessSuppressLineNumbers,
C:\Program Files\Microsoft Visual Studio\18\Community\MSBuild\Microsoft\VC\v170\1033\cl.xml,CL,BoolProperty,PreprocessKeepComments,
C:\Program Files\Microsoft Visual Studio\18\Community\MSBuild\Microsoft\VC\v170\1033\cl.xml,CL,BoolProperty,UseStandardPreprocessor,
C:\Program Files\Microsoft Visual Studio\18\Community\MSBuild\Microsoft\VC\v170\1033\cl.xml,CL,BoolProperty,StringPooling,
C:\Program Files\Microsoft Visual Studio\18\Community\MSBuild\Microsoft\VC\v170\1033\cl.xml,CL,BoolProperty,MinimalRebuild,
C:\Program Files\Microsoft Visual Studio\18\Community\MSBuild\Microsoft\VC\v170\1033\cl.xml,CL,EnumProperty,ExceptionHandling,Async;Sync;SyncCThrow;false
C:\Program Files\Microsoft Visual Studio\18\Community\MSBuild\Microsoft\VC\v170\1033\cl.xml,CL,BoolProperty,SmallerTypeCheck,
C:\Program Files\Microsoft Visual Studio\18\Community\MSBuild\Microsoft\VC\v170\1033\cl.xml,CL,EnumProperty,BasicRuntimeChecks,StackFrameRuntimeCheck;UninitializedLocalUsageCheck;EnableFastChecks;Default
C:\Program Files\Microsoft Visual Studio\18\Community\MSBuild\Microsoft\VC\v170\1033\cl.xml,CL,EnumProperty,RuntimeLibrary,MultiThreaded;MultiThreadedDebug;MultiThreadedDLL;MultiThreadedDebugDLL
C:\Program Files\Microsoft Visual Studio\18\Community\MSBuild\Microsoft\VC\v170\1033\cl.xml,CL,EnumProperty,StructMemberAlignment,1Byte;2Bytes;4Bytes;8Bytes;16Bytes;Default
C:\Program Files\Microsoft Visual Studio\18\Community\MSBuild\Microsoft\VC\v170\1033\cl.xml,CL,EnumProperty,BufferSecurityCheck,false;true
C:\Program Files\Microsoft Visual Studio\18\Community\MSBuild\Microsoft\VC\v170\1033\cl.xml,CL,EnumProperty,ControlFlowGuard,Guard;false
C:\Program Files\Microsoft Visual Studio\18\Community\MSBuild\Microsoft\VC\v170\1033\cl.xml,CL,BoolProperty,FunctionLevelLinking,
C:\Program Files\Microsoft Visual Studio\18\Community\MSBuild\Microsoft\VC\v170\1033\cl.xml,CL,BoolProperty,EnableParallelCodeGeneration,
C:\Program Files\Microsoft Visual Studio\18\Community\MSBuild\Microsoft\VC\v170\1033\cl.xml,CL,EnumProperty,EnableEnhancedInstructionSet,StreamingSIMDExtensions;StreamingSIMDExtensions2;AdvancedVectorExtensions;AdvancedVectorExtensions2;AdvancedVectorExtensions512;AdvancedVectorExtensions101;VirtualizationExtensions;ARMVFPv4Instructions;CPUExtensionRequirementsARMv80;CPUExtensionRequirementsARMv81;CPUExtensionRequirementsARMv82;CPUExtensionRequirementsARMv83;CPUExtensionRequirementsARMv84;CPUExtensionRequirementsARMv85;CPUExtensionRequirementsARMv86;CPUExtensionRequirementsARMv87;CPUExtensionRequirementsARMv88;NoExtensions;NotSet
C:\Program Files\Microsoft Visual Studio\18\Community\MSBuild\Microsoft\VC\v170\1033\cl.xml,CL,EnumProperty,EnableVectorLength,NotSet;VectorLength256;VectorLength512
C:\Program Files\Microsoft Visual Studio\18\Community\MSBuild\Microsoft\VC\v170\1033\cl.xml,CL,EnumProperty,FloatingPointModel,Precise;Strict;Fast;Default
C:\Program Files\Microsoft Visual Studio\18\Community\MSBuild\Microsoft\VC\v170\1033\cl.xml,CL,BoolProperty,FloatingPointExceptions,
C:\Program Files\Microsoft Visual Studio\18\Community\MSBuild\Microsoft\VC\v170\1033\cl.xml,CL,BoolProperty,CreateHotpatchableImage,
C:\Program Files\Microsoft Visual Studio\18\Community\MSBuild\Microsoft\VC\v170\1033\cl.xml,CL,EnumProperty,SpectreMitigation,Spectre;SpectreLoad;SpectreLoadCF;false
C:\Program Files\Microsoft Visual Studio\18\Community\MSBuild\Microsoft\VC\v170\1033\cl.xml,CL,BoolProperty,IntelJCCErratum,
C:\Program Files\Microsoft Visual Studio\18\Community\MSBuild\Microsoft\VC\v170\1033\cl.xml,CL,BoolProperty,GuardEHContMetadata,
C:\Program Files\Microsoft Visual Studio\18\Community\MSBuild\Microsoft\VC\v170\1033\cl.xml,CL,BoolProperty,GuardSignedReturns,
C:\Program Files\Microsoft Visual Studio\18\Community\MSBuild\Microsoft\VC\v170\1033\cl.xml,CL,BoolProperty,DisableLanguageExtensions,
C:\Program Files\Microsoft Visual Studio\18\Community\MSBuild\Microsoft\VC\v170\1033\cl.xml,CL,BoolProperty,TreatWChar_tAsBuiltInType,
C:\Program Files\Microsoft Visual Studio\18\Community\MSBuild\Microsoft\VC\v170\1033\cl.xml,CL,BoolProperty,ForceConformanceInForLoopScope,
C:\Program Files\Microsoft Visual Studio\18\Community\MSBuild\Microsoft\VC\v170\1033\cl.xml,CL,BoolProperty,RemoveUnreferencedCodeData,
C:\Program Files\Microsoft Visual Studio\18\Community\MSBuild\Microsoft\VC\v170\1033\cl.xml,CL,BoolProperty,EnforceTypeConversionRules,
C:\Program Files\Microsoft Visual Studio\18\Community\MSBuild\Microsoft\VC\v170\1033\cl.xml,CL,BoolProperty,RuntimeTypeInfo,
C:\Program Files\Microsoft Visual Studio\18\Community\MSBuild\Microsoft\VC\v170\1033\cl.xml,CL,BoolProperty,OpenMPSupport,
C:\Program Files\Microsoft Visual Studio\18\Community\MSBuild\Microsoft\VC\v170\1033\cl.xml,CL,EnumProperty,LanguageStandard,Default;stdcpp14;stdcpp17;stdcpp20;stdcpp23;stdcpplatest
C:\Program Files\Microsoft Visual Studio\18\Community\MSBuild\Microsoft\VC\v170\1033\cl.xml,CL,EnumProperty,LanguageStandard_C,Default;stdc11;stdc17;stdclatest
C:\Program Files\Microsoft Visual Studio\18\Community\MSBuild\Microsoft\VC\v170\1033\cl.xml,CL,EnumProperty,ConformanceMode,Default;true;false
C:\Program Files\Microsoft Visual Studio\18\Community\MSBuild\Microsoft\VC\v170\1033\cl.xml,CL,BoolProperty,EnableModules,
C:\Program Files\Microsoft Visual Studio\18\Community\MSBuild\Microsoft\VC\v170\1033\cl.xml,CL,StringListProperty,StdIfcDirectory,
C:\Program Files\Microsoft Visual Studio\18\Community\MSBuild\Microsoft\VC\v170\1033\cl.xml,CL,BoolProperty,BuildStlModules,
C:\Program Files\Microsoft Visual Studio\18\Community\MSBuild\Microsoft\VC\v170\1033\cl.xml,CL,EnumProperty,PrecompiledHeader,Create;Use;NotUsing
C:\Program Files\Microsoft Visual Studio\18\Community\MSBuild\Microsoft\VC\v170\1033\cl.xml,CL,StringProperty,PrecompiledHeaderFile,
C:\Program Files\Microsoft Visual Studio\18\Community\MSBuild\Microsoft\VC\v170\1033\cl.xml,CL,StringProperty,PrecompiledHeaderOutputFile,
C:\Program Files\Microsoft Visual Studio\18\Community\MSBuild\Microsoft\VC\v170\1033\cl.xml,CL,BoolProperty,ExpandAttributedSource,
C:\Program Files\Microsoft Visual Studio\18\Community\MSBuild\Microsoft\VC\v170\1033\cl.xml,CL,EnumProperty,AssemblerOutput,NoListing;AssemblyCode;AssemblyAndMachineCode;AssemblyAndSourceCode;All
C:\Program Files\Microsoft Visual Studio\18\Community\MSBuild\Microsoft\VC\v170\1033\cl.xml,CL,BoolProperty,UseUnicodeForAssemblerListing,
C:\Program Files\Microsoft Visual Studio\18\Community\MSBuild\Microsoft\VC\v170\1033\cl.xml,CL,StringProperty,AssemblerListingLocation,
C:\Program Files\Microsoft Visual Studio\18\Community\MSBuild\Microsoft\VC\v170\1033\cl.xml,CL,StringProperty,ModuleOutputFile,
C:\Program Files\Microsoft Visual Studio\18\Community\MSBuild\Microsoft\VC\v170\1033\cl.xml,CL,BoolProperty,GenerateModuleDependencies,
C:\Program Files\Microsoft Visual Studio\18\Community\MSBuild\Microsoft\VC\v170\1033\cl.xml,CL,StringProperty,ModuleDependenciesFile,
C:\Program Files\Microsoft Visual Studio\18\Community\MSBuild\Microsoft\VC\v170\1033\cl.xml,CL,StringProperty,ObjectFileName,
C:\Program Files\Microsoft Visual Studio\18\Community\MSBuild\Microsoft\VC\v170\1033\cl.xml,CL,StringProperty,ProgramDataBaseFileName,
C:\Program Files\Microsoft Visual Studio\18\Community\MSBuild\Microsoft\VC\v170\1033\cl.xml,CL,BoolProperty,GenerateXMLDocumentationFiles,
C:\Program Files\Microsoft Visual Studio\18\Community\MSBuild\Microsoft\VC\v170\1033\cl.xml,CL,StringProperty,XMLDocumentationFileName,
C:\Program Files\Microsoft Visual Studio\18\Community\MSBuild\Microsoft\VC\v170\1033\cl.xml,CL,BoolProperty,GenerateSourceDependencies,
C:\Program Files\Microsoft Visual Studio\18\Community\MSBuild\Microsoft\VC\v170\1033\cl.xml,CL,StringProperty,SourceDependenciesFile,
C:\Program Files\Microsoft Visual Studio\18\Community\MSBuild\Microsoft\VC\v170\1033\cl.xml,CL,BoolProperty,BrowseInformation,
C:\Program Files\Microsoft Visual Studio\18\Community\MSBuild\Microsoft\VC\v170\1033\cl.xml,CL,StringProperty,BrowseInformationFile,
C:\Program Files\Microsoft Visual Studio\18\Community\MSBuild\Microsoft\VC\v170\1033\cl.xml,CL,StringListProperty,ExternalDirectoriesEnv,
C:\Program Files\Microsoft Visual Studio\18\Community\MSBuild\Microsoft\VC\v170\1033\cl.xml,CL,BoolProperty,TreatAngleIncludeAsExternal,
C:\Program Files\Microsoft Visual Studio\18\Community\MSBuild\Microsoft\VC\v170\1033\cl.xml,CL,EnumProperty,ExternalWarningLevel,TurnOffAllWarnings;Level1;Level2;Level3;Level4;InheritWarningLevel
C:\Program Files\Microsoft Visual Studio\18\Community\MSBuild\Microsoft\VC\v170\1033\cl.xml,CL,BoolProperty,ExternalTemplatesDiagnostics,
C:\Program Files\Microsoft Visual Studio\18\Community\MSBuild\Microsoft\VC\v170\1033\cl.xml,CL,BoolProperty,DisableAnalyzeExternal,
C:\Program Files\Microsoft Visual Studio\18\Community\MSBuild\Microsoft\VC\v170\1033\cl.xml,CL,DynamicEnumProperty,AnalyzeExternalRuleset,
C:\Program Files\Microsoft Visual Studio\18\Community\MSBuild\Microsoft\VC\v170\1033\cl.xml,CL,EnumProperty,CallingConvention,Cdecl;FastCall;StdCall;VectorCall
C:\Program Files\Microsoft Visual Studio\18\Community\MSBuild\Microsoft\VC\v170\1033\cl.xml,CL,EnumProperty,CompileAs,Default;CompileAsC;CompileAsCpp;CompileAsCppModule;CompileAsCppModuleInternalPartition;CompileAsHeaderUnit
C:\Program Files\Microsoft Visual Studio\18\Community\MSBuild\Microsoft\VC\v170\1033\cl.xml,CL,StringListProperty,DisableSpecificWarnings,
C:\Program Files\Microsoft Visual Studio\18\Community\MSBuild\Microsoft\VC\v170\1033\cl.xml,CL,StringListProperty,ForcedIncludeFiles,
C:\Program Files\Microsoft Visual Studio\18\Community\MSBuild\Microsoft\VC\v170\1033\cl.xml,CL,StringListProperty,ForcedUsingFiles,
C:\Program Files\Microsoft Visual Studio\18\Community\MSBuild\Microsoft\VC\v170\1033\cl.xml,CL,BoolProperty,ShowIncludes,
C:\Program Files\Microsoft Visual Studio\18\Community\MSBuild\Microsoft\VC\v170\1033\cl.xml,CL,BoolProperty,EnablePREfast,
C:\Program Files\Microsoft Visual Studio\18\Community\MSBuild\Microsoft\VC\v170\1033\cl.xml,CL,StringProperty,PREfastLog,
C:\Program Files\Microsoft Visual Studio\18\Community\MSBuild\Microsoft\VC\v170\1033\cl.xml,CL,StringProperty,PREfastProjectDirectory,
C:\Program Files\Microsoft Visual Studio\18\Community\MSBuild\Microsoft\VC\v170\1033\cl.xml,CL,StringProperty,PREfastRulesetDirectories,
C:\Program Files\Microsoft Visual Studio\18\Community\MSBuild\Microsoft\VC\v170\1033\cl.xml,CL,StringProperty,PREfastRulesetFile,
C:\Program Files\Microsoft Visual Studio\18\Community\MSBuild\Microsoft\VC\v170\1033\cl.xml,CL,StringListProperty,PREfastAdditionalOptions,
C:\Program Files\Microsoft Visual Studio\18\Community\MSBuild\Microsoft\VC\v170\1033\cl.xml,CL,StringListProperty,PREfastAdditionalPlugins,
C:\Program Files\Microsoft Visual Studio\18\Community\MSBuild\Microsoft\VC\v170\1033\cl.xml,CL,BoolProperty,UseFullPaths,
C:\Program Files\Microsoft Visual Studio\18\Community\MSBuild\Microsoft\VC\v170\1033\cl.xml,CL,BoolProperty,OmitDefaultLibName,
C:\Program Files\Microsoft Visual Studio\18\Community\MSBuild\Microsoft\VC\v170\1033\cl.xml,CL,EnumProperty,ErrorReporting,None;Prompt;Queue;Send
C:\Program Files\Microsoft Visual Studio\18\Community\MSBuild\Microsoft\VC\v170\1033\cl.xml,CL,StringListProperty,TreatSpecificWarningsAsErrors,
C:\Program Files\Microsoft Visual Studio\18\Community\MSBuild\Microsoft\VC\v170\1033\cl.xml,CL,StringProperty,AdditionalOptions,
C:\Program Files\Microsoft Visual Studio\18\Community\MSBuild\Microsoft\VC\v170\1033\cl.xml,CL,BoolProperty,BuildingInIde,
C:\Program Files\Microsoft Visual Studio\18\Community\MSBuild\Microsoft\VC\v170\1033\clang.xml,CL,BoolProperty,MSVCErrorReport,
C:\Program Files\Microsoft Visual Studio\18\Community\MSBuild\Microsoft\VC\v170\1033\clang.xml,CL,StringProperty,GccToolChain,
C:\Program Files\Microsoft Visual Studio\18\Community\MSBuild\Microsoft\VC\v170\1033\clang.xml,CL,StringProperty,TargetArch,
C:\Program Files\Microsoft Visual Studio\18\Community\MSBuild\Microsoft\VC\v170\1033\clang.xml,CL,StringProperty,Sysroot,
C:\Program Files\Microsoft Visual Studio\18\Community\MSBuild\Microsoft\VC\v170\1033\clang.xml,CL,StringListProperty,ISystem,
C:\Program Files\Microsoft Visual Studio\18\Community\MSBuild\Microsoft\VC\v170\1033\clang.xml,CL,StringListProperty,AdditionalIncludeDirectories,
C:\Program Files\Microsoft Visual Studio\18\Community\MSBuild\Microsoft\VC\v170\1033\clang.xml,CL,EnumProperty,DebugInformationFormat,None;FullDebug;LineNumber
C:\Program Files\Microsoft Visual Studio\18\Community\MSBuild\Microsoft\VC\v170\1033\clang.xml,CL,StringProperty,ObjectFileName,
C:\Program Files\Microsoft Visual Studio\18\Community\MSBuild\Microsoft\VC\v170\1033\clang.xml,CL,EnumProperty,WarningLevel,TurnOffAllWarnings;EnableAllWarnings
C:\Program Files\Microsoft Visual Studio\18\Community\MSBuild\Microsoft\VC\v170\1033\clang.xml,CL,BoolProperty,TreatWarningAsError,
C:\Program Files\Microsoft Visual Studio\18\Community\MSBuild\Microsoft\VC\v170\1033\clang.xml,CL,BoolProperty,Verbose,
C:\Program Files\Microsoft Visual Studio\18\Community\MSBuild\Microsoft\VC\v170\1033\clang.xml,CL,StringProperty,TrackerLogDirectory,
C:\Program Files\Microsoft Visual Studio\18\Community\MSBuild\Microsoft\VC\v170\1033\clang.xml,CL,EnumProperty,Optimization,Custom;Disabled;MinSize;MaxSpeed;Full
C:\Program Files\Microsoft Visual Studio\18\Community\MSBuild\Microsoft\VC\v170\1033\clang.xml,CL,BoolProperty,StrictAliasing,
C:\Program Files\Microsoft Visual Studio\18\Community\MSBuild\Microsoft\VC\v170\1033\clang.xml,CL,EnumProperty,ThumbMode,Thumb;ARM;Disabled
C:\Program Files\Microsoft Visual Studio\18\Community\MSBuild\Microsoft\VC\v170\1033\clang.xml,CL,BoolProperty,OmitFramePointers,
C:\Program Files\Microsoft Visual Studio\18\Community\MSBuild\Microsoft\VC\v170\1033\clang.xml,CL,EnumProperty,ExceptionHandling,Disabled;Enabled;UnwindTables
C:\Program Files\Microsoft Visual Studio\18\Community\MSBuild\Microsoft\VC\v170\1033\clang.xml,CL,BoolProperty,FunctionLevelLinking,
C:\Program Files\Microsoft Visual Studio\18\Community\MSBuild\Microsoft\VC\v170\1033\clang.xml,CL,BoolProperty,DataLevelLinking,
C:\Program Files\Microsoft Visual Studio\18\Community\MSBuild\Microsoft\VC\v170\1033\clang.xml,CL,BoolProperty,EnableNeonCodegen,
C:\Program Files\Microsoft Visual Studio\18\Community\MSBuild\Microsoft\VC\v170\1033\clang.xml,CL,EnumProperty,FloatABI,soft;softfp;hard
C:\Program Files\Microsoft Visual Studio\18\Community\MSBuild\Microsoft\VC\v170\1033\clang.xml,CL,EnumProperty,BufferSecurityCheck,false;true
C:\Program Files\Microsoft Visual Studio\18\Community\MSBuild\Microsoft\VC\v170\1033\clang.xml,CL,BoolProperty,PositionIndependentCode,
C:\Program Files\Microsoft Visual Studio\18\Community\MSBuild\Microsoft\VC\v170\1033\clang.xml,CL,BoolProperty,UseShortEnums,
C:\Program Files\Microsoft Visual Studio\18\Community\MSBuild\Microsoft\VC\v170\1033\clang.xml,CL,EnumProperty,RuntimeLibrary,MultiThreaded;MultiThreadedDebug;MultiThreadedDLL;MultiThreadedDebugDLL
C:\Program Files\Microsoft Visual Studio\18\Community\MSBuild\Microsoft\VC\v170\1033\clang.xml,CL,BoolProperty,RuntimeTypeInfo,
C:\Program Files\Microsoft Visual Studio\18\Community\MSBuild\Microsoft\VC\v170\1033\clang.xml,CL,EnumProperty,CLanguageStandard,Default;c89;c99;c11;gnu99;gnu11
C:\Program Files\Microsoft Visual Studio\18\Community\MSBuild\Microsoft\VC\v170\1033\clang.xml,CL,EnumProperty,CppLanguageStandard,Default;c++98;c++11;c++14;c++1z;gnu++98;gnu++11;gnu++14;gnu++1z
C:\Program Files\Microsoft Visual Studio\18\Community\MSBuild\Microsoft\VC\v170\1033\clang.xml,CL,StringListProperty,PreprocessorDefinitions,
C:\Program Files\Microsoft Visual Studio\18\Community\MSBuild\Microsoft\VC\v170\1033\clang.xml,CL,StringListProperty,UndefinePreprocessorDefinitions,
C:\Program Files\Microsoft Visual Studio\18\Community\MSBuild\Microsoft\VC\v170\1033\clang.xml,CL,BoolProperty,UndefineAllPreprocessorDefinitions,
C:\Program Files\Microsoft Visual Studio\18\Community\MSBuild\Microsoft\VC\v170\1033\clang.xml,CL,BoolProperty,ShowIncludes,
C:\Program Files\Microsoft Visual Studio\18\Community\MSBuild\Microsoft\VC\v170\1033\clang.xml,CL,EnumProperty,PrecompiledHeader,Use;NotUsing
C:\Program Files\Microsoft Visual Studio\18\Community\MSBuild\Microsoft\VC\v170\1033\clang.xml,CL,StringProperty,PrecompiledHeaderFile,
C:\Program Files\Microsoft Visual Studio\18\Community\MSBuild\Microsoft\VC\v170\1033\clang.xml,CL,StringProperty,PrecompiledHeaderOutputFileDirectory,
C:\Program Files\Microsoft Visual Studio\18\Community\MSBuild\Microsoft\VC\v170\1033\clang.xml,CL,EnumProperty,PrecompiledHeaderCompileAs,CompileAsC;CompileAsCpp
C:\Program Files\Microsoft Visual Studio\18\Community\MSBuild\Microsoft\VC\v170\1033\clang.xml,CL,EnumProperty,CompileAs,Default;CompileAsC;CompileAsCpp
C:\Program Files\Microsoft Visual Studio\18\Community\MSBuild\Microsoft\VC\v170\1033\clang.xml,CL,StringListProperty,ForcedIncludeFiles,
C:\Program Files\Microsoft Visual Studio\18\Community\MSBuild\Microsoft\VC\v170\1033\clang.xml,CL,BoolProperty,UseMultiToolTask,
C:\Program Files\Microsoft Visual Studio\18\Community\MSBuild\Microsoft\VC\v170\1033\clang.xml,CL,BoolProperty,MSCompatibility,
C:\Program Files\Microsoft Visual Studio\18\Community\MSBuild\Microsoft\VC\v170\1033\clang.xml,CL,StringProperty,MSCompatibilityVersion,
C:\Program Files\Microsoft Visual Studio\18\Community\MSBuild\Microsoft\VC\v170\1033\clang.xml,CL,BoolProperty,MSExtensions,
C:\Program Files\Microsoft Visual Studio\18\Community\MSBuild\Microsoft\VC\v170\1033\clang.xml,CL,StringProperty,MSCompilerVersion,
C:\Program Files\Microsoft Visual Studio\18\Community\MSBuild\Microsoft\VC\v170\1033\clang.xml,CL,StringProperty,AdditionalOptions,
C:\Program Files\Microsoft Visual Studio\18\Community\MSBuild\Microsoft\VC\v170\1033\clang.xml,CL,BoolProperty,BuildingInIde,
C:\Program Files\Microsoft Visual Studio\18\Community\MSBuild\Microsoft\VC\v170\1033\clangtidy.xml,Microsoft.CodeAnalysis.ClangTidy,StringProperty,ClangTidyChecks,
C:\Program Files\Microsoft Visual Studio\18\Community\MSBuild\Microsoft\VC\v170\1033\clangtidy.xml,Microsoft.CodeAnalysis.ClangTidy,StringProperty,ClangTidyToolPath,
C:\Program Files\Microsoft Visual Studio\18\Community\MSBuild\Microsoft\VC\v170\1033\cl_nmake.xml,CL,StringListProperty,PreprocessorDefinitions,
C:\Program Files\Microsoft Visual Studio\18\Community\MSBuild\Microsoft\VC\v170\1033\cl_nmake.xml,CL,StringListProperty,AdditionalIncludeDirectories,
C:\Program Files\Microsoft Visual Studio\18\Community\MSBuild\Microsoft\VC\v170\1033\cl_nmake.xml,CL,StringListProperty,ForcedIncludeFiles,
C:\Program Files\Microsoft Visual Studio\18\Community\MSBuild\Microsoft\VC\v170\1033\cl_nmake.xml,CL,StringListProperty,AdditionalUsingDirectories,
C:\Program Files\Microsoft Visual Studio\18\Community\MSBuild\Microsoft\VC\v170\1033\cl_nmake.xml,CL,StringListProperty,ForcedUsingFiles,
C:\Program Files\Microsoft Visual Studio\18\Community\MSBuild\Microsoft\VC\v170\1033\cl_nmake.xml,CL,StringProperty,AdditionalOptions,
C:\Program Files\Microsoft Visual Studio\18\Community\MSBuild\Microsoft\VC\v170\1033\code_analysis.xml,CodeAnalysis,BoolProperty,RunCodeAnalysis,
C:\Program Files\Microsoft Visual Studio\18\Community\MSBuild\Microsoft\VC\v170\1033\code_analysis.xml,CodeAnalysis,BoolProperty,EnableMicrosoftCodeAnalysis,
C:\Program Files\Microsoft Visual Studio\18\Community\MSBuild\Microsoft\VC\v170\1033\code_analysis.xml,CodeAnalysis,BoolProperty,EnableClangTidyCodeAnalysis,
C:\Program Files\Microsoft Visual Studio\18\Community\MSBuild\Microsoft\VC\v170\1033\copy_file.xml,CopyFile,StringListProperty,DestinationFolders,
C:\Program Files\Microsoft Visual Studio\18\Community\MSBuild\Microsoft\VC\v170\1033\copy_file.xml,CopyFile,StringProperty,DestinationFileName,
C:\Program Files\Microsoft Visual Studio\18\Community\MSBuild\Microsoft\VC\v170\1033\copy_file.xml,CopyFile,BoolProperty,TreatOutputAsContent,
C:\Program Files\Microsoft Visual Studio\18\Community\MSBuild\Microsoft\VC\v170\1033\copy_file.xml,CopyFile,StringProperty,RootFolder,
C:\Program Files\Microsoft Visual Studio\18\Community\MSBuild\Microsoft\VC\v170\1033\copy_file.xml,CopyFile,DynamicEnumProperty,CopyFileAfterTargets,
C:\Program Files\Microsoft Visual Studio\18\Community\MSBuild\Microsoft\VC\v170\1033\copy_file.xml,CopyFile,DynamicEnumProperty,CopyFileBeforeTargets,
C:\Program Files\Microsoft Visual Studio\18\Community\MSBuild\Microsoft\VC\v170\1033\custom_build_step.xml,ConfigurationCustomBuildStep,StringProperty,Command,
C:\Program Files\Microsoft Visual Studio\18\Community\MSBuild\Microsoft\VC\v170\1033\custom_build_step.xml,ConfigurationCustomBuildStep,StringProperty,Message,
C:\Program Files\Microsoft Visual Studio\18\Community\MSBuild\Microsoft\VC\v170\1033\custom_build_step.xml,ConfigurationCustomBuildStep,StringListProperty,Outputs,
C:\Program Files\Microsoft Visual Studio\18\Community\MSBuild\Microsoft\VC\v170\1033\custom_build_step.xml,ConfigurationCustomBuildStep,StringListProperty,Inputs,
C:\Program Files\Microsoft Visual Studio\18\Community\MSBuild\Microsoft\VC\v170\1033\custom_build_step.xml,ConfigurationCustomBuildStep,BoolProperty,TreatOutputAsContent,
C:\Program Files\Microsoft Visual Studio\18\Community\MSBuild\Microsoft\VC\v170\1033\custom_build_step.xml,ConfigurationCustomBuildStep,StringProperty,RootFolder,
C:\Program Files\Microsoft Visual Studio\18\Community\MSBuild\Microsoft\VC\v170\1033\custom_build_step.xml,ConfigurationCustomBuildStep,DynamicEnumProperty,CustomBuildAfterTargets,
C:\Program Files\Microsoft Visual Studio\18\Community\MSBuild\Microsoft\VC\v170\1033\custom_build_step.xml,ConfigurationCustomBuildStep,DynamicEnumProperty,CustomBuildBeforeTargets,
C:\Program Files\Microsoft Visual Studio\18\Community\MSBuild\Microsoft\VC\v170\1033\custom_build_tool.xml,ConfigurationCustomBuildTool,StringProperty,Command,
C:\Program Files\Microsoft Visual Studio\18\Community\MSBuild\Microsoft\VC\v170\1033\custom_build_tool.xml,ConfigurationCustomBuildTool,StringProperty,Message,
C:\Program Files\Microsoft Visual Studio\18\Community\MSBuild\Microsoft\VC\v170\1033\custom_build_tool.xml,ConfigurationCustomBuildTool,StringListProperty,Outputs,
C:\Program Files\Microsoft Visual Studio\18\Community\MSBuild\Microsoft\VC\v170\1033\custom_build_tool.xml,ConfigurationCustomBuildTool,StringListProperty,AdditionalInputs,
C:\Program Files\Microsoft Visual Studio\18\Community\MSBuild\Microsoft\VC\v170\1033\custom_build_tool.xml,ConfigurationCustomBuildTool,BoolProperty,VerifyInputsAndOutputsExist,
C:\Program Files\Microsoft Visual Studio\18\Community\MSBuild\Microsoft\VC\v170\1033\custom_build_tool.xml,ConfigurationCustomBuildTool,BoolProperty,LinkObjects,
C:\Program Files\Microsoft Visual Studio\18\Community\MSBuild\Microsoft\VC\v170\1033\custom_build_tool.xml,ConfigurationCustomBuildTool,DynamicEnumProperty,OutputItemType,
C:\Program Files\Microsoft Visual Studio\18\Community\MSBuild\Microsoft\VC\v170\1033\custom_build_tool.xml,ConfigurationCustomBuildTool,BoolProperty,TreatOutputAsContent,
C:\Program Files\Microsoft Visual Studio\18\Community\MSBuild\Microsoft\VC\v170\1033\custom_build_tool.xml,ConfigurationCustomBuildTool,StringProperty,RootFolder,
C:\Program Files\Microsoft Visual Studio\18\Community\MSBuild\Microsoft\VC\v170\1033\custom_build_tool.xml,ConfigurationCustomBuildTool,BoolProperty,BuildInParallel,
C:\Program Files\Microsoft Visual Studio\18\Community\MSBuild\Microsoft\VC\v170\1033\custom_build_tool.xml,ConfigurationCustomBuildTool,IntProperty,MaxProcesses,
C:\Program Files\Microsoft Visual Studio\18\Community\MSBuild\Microsoft\VC\v170\1033\custom_build_tool.xml,ConfigurationCustomBuildTool,IntProperty,MaxItemsInBatch,
C:\Program Files\Microsoft Visual Studio\18\Community\MSBuild\Microsoft\VC\v170\1033\custom_build_tool.xml,ConfigurationCustomBuildTool,DynamicEnumProperty,CustomBuildAfterTargets,
C:\Program Files\Microsoft Visual Studio\18\Community\MSBuild\Microsoft\VC\v170\1033\custom_build_tool.xml,ConfigurationCustomBuildTool,DynamicEnumProperty,CustomBuildBeforeTargets,
C:\Program Files\Microsoft Visual Studio\18\Community\MSBuild\Microsoft\VC\v170\1033\debugger_general.xml,DebuggerGeneralProperties,StringProperty,SymbolsPath,
C:\Program Files\Microsoft Visual Studio\18\Community\MSBuild\Microsoft\VC\v170\1033\debugger_general.xml,DebuggerGeneralProperties,StringProperty,DebuggerFlavor,
C:\Program Files\Microsoft Visual Studio\18\Community\MSBuild\Microsoft\VC\v170\1033\debugger_general.xml,DebuggerGeneralProperties,EnumProperty,ImageClrType,Native;Mixed;Managed
C:\Program Files\Microsoft Visual Studio\18\Community\MSBuild\Microsoft\VC\v170\1033\debugger_local_windows.xml,WindowsLocalDebugger,StringProperty,LocalDebuggerCommand,
C:\Program Files\Microsoft Visual Studio\18\Community\MSBuild\Microsoft\VC\v170\1033\debugger_local_windows.xml,WindowsLocalDebugger,StringProperty,LocalDebuggerCommandArguments,
C:\Program Files\Microsoft Visual Studio\18\Community\MSBuild\Microsoft\VC\v170\1033\debugger_local_windows.xml,WindowsLocalDebugger,StringProperty,LocalDebuggerWorkingDirectory,
C:\Program Files\Microsoft Visual Studio\18\Community\MSBuild\Microsoft\VC\v170\1033\debugger_local_windows.xml,WindowsLocalDebugger,BoolProperty,LocalDebuggerAttach,
C:\Program Files\Microsoft Visual Studio\18\Community\MSBuild\Microsoft\VC\v170\1033\debugger_local_windows.xml,WindowsLocalDebugger,EnumProperty,LocalDebuggerDebuggerType,NativeOnly;ManagedOnly;Mixed;ManagedCore;NativeWithManagedCore;Auto;Script;GPUOnly;JavaScriptForWebView2
C:\Program Files\Microsoft Visual Studio\18\Community\MSBuild\Microsoft\VC\v170\1033\debugger_local_windows.xml,WindowsLocalDebugger,StringListProperty,LocalDebuggerEnvironment,
C:\Program Files\Microsoft Visual Studio\18\Community\MSBuild\Microsoft\VC\v170\1033\debugger_local_windows.xml,WindowsLocalDebugger,DynamicEnumProperty,LocalGPUDebuggerTargetType,
C:\Program Files\Microsoft Visual Studio\18\Community\MSBuild\Microsoft\VC\v170\1033\debugger_local_windows.xml,WindowsLocalDebugger,EnumProperty,GPURefDebuggerBreakOnAllThreads,GPURefBreakOncePerWarp;GPURefBreakForCPUThread
C:\Program Files\Microsoft Visual Studio\18\Community\MSBuild\Microsoft\VC\v170\1033\debugger_local_windows.xml,WindowsLocalDebugger,BoolProperty,LocalDebuggerMergeEnvironment,
C:\Program Files\Microsoft Visual Studio\18\Community\MSBuild\Microsoft\VC\v170\1033\debugger_local_windows.xml,WindowsLocalDebugger,BoolProperty,LocalDebuggerSQLDebugging,
C:\Program Files\Microsoft Visual Studio\18\Community\MSBuild\Microsoft\VC\v170\1033\debugger_local_windows.xml,WindowsLocalDebugger,DynamicEnumProperty,LocalDebuggerAmpDefaultAccelerator,
C:\Program Files\Microsoft Visual Studio\18\Community\MSBuild\Microsoft\VC\v170\1033\debugger_local_windows.xml,WindowsLocalDebugger,BoolProperty,UseLegacyManagedDebugger,
C:\Program Files\Microsoft Visual Studio\18\Community\MSBuild\Microsoft\VC\v170\1033\debugger_remote_windows.xml,WindowsRemoteDebugger,StringProperty,RemoteDebuggerCommand,
C:\Program Files\Microsoft Visual Studio\18\Community\MSBuild\Microsoft\VC\v170\1033\debugger_remote_windows.xml,WindowsRemoteDebugger,StringProperty,RemoteDebuggerCommandArguments,
C:\Program Files\Microsoft Visual Studio\18\Community\MSBuild\Microsoft\VC\v170\1033\debugger_remote_windows.xml,WindowsRemoteDebugger,StringProperty,RemoteDebuggerWorkingDirectory,
C:\Program Files\Microsoft Visual Studio\18\Community\MSBuild\Microsoft\VC\v170\1033\debugger_remote_windows.xml,WindowsRemoteDebugger,StringProperty,RemoteDebuggerServerName,
C:\Program Files\Microsoft Visual Studio\18\Community\MSBuild\Microsoft\VC\v170\1033\debugger_remote_windows.xml,WindowsRemoteDebugger,EnumProperty,RemoteDebuggerConnection,RemoteWithAuthentication;RemoteWithoutAuthentication
C:\Program Files\Microsoft Visual Studio\18\Community\MSBuild\Microsoft\VC\v170\1033\debugger_remote_windows.xml,WindowsRemoteDebugger,EnumProperty,RemoteDebuggerDebuggerType,NativeOnly;ManagedOnly;Mixed;ManagedCore;NativeWithManagedCore;Auto;Script;GPUOnly;JavaScriptForWebView2
C:\Program Files\Microsoft Visual Studio\18\Community\MSBuild\Microsoft\VC\v170\1033\debugger_remote_windows.xml,WindowsRemoteDebugger,StringListProperty,RemoteDebuggerEnvironment,
C:\Program Files\Microsoft Visual Studio\18\Community\MSBuild\Microsoft\VC\v170\1033\debugger_remote_windows.xml,WindowsRemoteDebugger,DynamicEnumProperty,RemoteGPUDebuggerTargetType,
C:\Program Files\Microsoft Visual Studio\18\Community\MSBuild\Microsoft\VC\v170\1033\debugger_remote_windows.xml,WindowsRemoteDebugger,EnumProperty,GPURefDebuggerBreakOnAllThreads,GPURefBreakOncePerWarp;GPURefBreakForCPUThread
C:\Program Files\Microsoft Visual Studio\18\Community\MSBuild\Microsoft\VC\v170\1033\debugger_remote_windows.xml,WindowsRemoteDebugger,BoolProperty,RemoteDebuggerAttach,
C:\Program Files\Microsoft Visual Studio\18\Community\MSBuild\Microsoft\VC\v170\1033\debugger_remote_windows.xml,WindowsRemoteDebugger,BoolProperty,RemoteDebuggerSQLDebugging,
C:\Program Files\Microsoft Visual Studio\18\Community\MSBuild\Microsoft\VC\v170\1033\debugger_remote_windows.xml,WindowsRemoteDebugger,StringProperty,DeploymentDirectory,
C:\Program Files\Microsoft Visual Studio\18\Community\MSBuild\Microsoft\VC\v170\1033\debugger_remote_windows.xml,WindowsRemoteDebugger,StringProperty,AdditionalFiles,
C:\Program Files\Microsoft Visual Studio\18\Community\MSBuild\Microsoft\VC\v170\1033\debugger_remote_windows.xml,WindowsRemoteDebugger,BoolProperty,RemoteDebuggerDeployDebugCppRuntime,
C:\Program Files\Microsoft Visual Studio\18\Community\MSBuild\Microsoft\VC\v170\1033\debugger_remote_windows.xml,WindowsRemoteDebugger,BoolProperty,RemoteDebuggerDeployCppRuntime,
C:\Program Files\Microsoft Visual Studio\18\Community\MSBuild\Microsoft\VC\v170\1033\debugger_remote_windows.xml,WindowsRemoteDebugger,BoolProperty,UseLegacyManagedDebugger,
C:\Program Files\Microsoft Visual Studio\18\Community\MSBuild\Microsoft\VC\v170\1033\debugger_remote_windows.xml,WindowsRemoteDebugger,DynamicEnumProperty,RemoteDebuggerAmpDefaultAccelerator,
C:\Program Files\Microsoft Visual Studio\18\Community\MSBuild\Microsoft\VC\v170\1033\debugger_web_browser.xml,WebBrowserDebugger,StringProperty,WebBrowserDebuggerHttpUrl,
C:\Program Files\Microsoft Visual Studio\18\Community\MSBuild\Microsoft\VC\v170\1033\debugger_web_browser.xml,WebBrowserDebugger,EnumProperty,WebBrowserDebuggerDebuggerType,NativeOnly;ManagedOnly;Mixed;Auto;Script
C:\Program Files\Microsoft Visual Studio\18\Community\MSBuild\Microsoft\VC\v170\1033\debugger_web_service.xml,WebServiceDebugger,StringProperty,WebServiceDebuggerHttpUrl,
C:\Program Files\Microsoft Visual Studio\18\Community\MSBuild\Microsoft\VC\v170\1033\debugger_web_service.xml,WebServiceDebugger,EnumProperty,WebServiceDebuggerDebuggerType,NativeOnly;ManagedOnly;Mixed;Auto;Script
C:\Program Files\Microsoft Visual Studio\18\Community\MSBuild\Microsoft\VC\v170\1033\debugger_web_service.xml,WebServiceDebugger,BoolProperty,WebServiceDebuggerSQLDebugging,
C:\Program Files\Microsoft Visual Studio\18\Community\MSBuild\Microsoft\VC\v170\1033\debugger_web_service.xml,WebServiceDebugger,BoolProperty,UseLegacyManagedDebugger,
C:\Program Files\Microsoft Visual Studio\18\Community\MSBuild\Microsoft\VC\v170\1033\directories.xml,ConfigurationDirectories,StringListProperty,ExecutablePath,
C:\Program Files\Microsoft Visual Studio\18\Community\MSBuild\Microsoft\VC\v170\1033\directories.xml,ConfigurationDirectories,StringListProperty,IncludePath,
C:\Program Files\Microsoft Visual Studio\18\Community\MSBuild\Microsoft\VC\v170\1033\directories.xml,ConfigurationDirectories,StringListProperty,ExternalIncludePath,
C:\Program Files\Microsoft Visual Studio\18\Community\MSBuild\Microsoft\VC\v170\1033\directories.xml,ConfigurationDirectories,StringListProperty,ReferencePath,
C:\Program Files\Microsoft Visual Studio\18\Community\MSBuild\Microsoft\VC\v170\1033\directories.xml,ConfigurationDirectories,StringListProperty,LibraryPath,
C:\Program Files\Microsoft Visual Studio\18\Community\MSBuild\Microsoft\VC\v170\1033\directories.xml,ConfigurationDirectories,StringListProperty,LibraryWPath,
C:\Program Files\Microsoft Visual Studio\18\Community\MSBuild\Microsoft\VC\v170\1033\directories.xml,ConfigurationDirectories,StringListProperty,SourcePath,
C:\Program Files\Microsoft Visual Studio\18\Community\MSBuild\Microsoft\VC\v170\1033\directories.xml,ConfigurationDirectories,StringListProperty,ExcludePath,
C:\Program Files\Microsoft Visual Studio\18\Community\MSBuild\Microsoft\VC\v170\1033\directories.xml,ConfigurationDirectories,StringListProperty,PublicIncludeDirectories,
C:\Program Files\Microsoft Visual Studio\18\Community\MSBuild\Microsoft\VC\v170\1033\directories.xml,ConfigurationDirectories,BoolProperty,AllProjectIncludesArePublic,
C:\Program Files\Microsoft Visual Studio\18\Community\MSBuild\Microsoft\VC\v170\1033\directories.xml,ConfigurationDirectories,StringListProperty,PublicModuleDirectories,
C:\Program Files\Microsoft Visual Studio\18\Community\MSBuild\Microsoft\VC\v170\1033\directories.xml,ConfigurationDirectories,BoolProperty,AllProjectBMIsArePublic,
C:\Program Files\Microsoft Visual Studio\18\Community\MSBuild\Microsoft\VC\v170\1033\envvars.xml,VCEnvironmentVariables,StringListProperty,Path,
C:\Program Files\Microsoft Visual Studio\18\Community\MSBuild\Microsoft\VC\v170\1033\envvars.xml,VCEnvironmentVariables,StringListProperty,Include,
C:\Program Files\Microsoft Visual Studio\18\Community\MSBuild\Microsoft\VC\v170\1033\envvars.xml,VCEnvironmentVariables,StringListProperty,LibPath,
C:\Program Files\Microsoft Visual Studio\18\Community\MSBuild\Microsoft\VC\v170\1033\envvars.xml,VCEnvironmentVariables,StringListProperty,Lib,
C:\Program Files\Microsoft Visual Studio\18\Community\MSBuild\Microsoft\VC\v170\1033\envvars.xml,VCEnvironmentVariables,StringListProperty,SourcePath,
C:\Program Files\Microsoft Visual Studio\18\Community\MSBuild\Microsoft\VC\v170\1033\envvars.xml,VCEnvironmentVariables,StringListProperty,ExcludePath,
C:\Program Files\Microsoft Visual Studio\18\Community\MSBuild\Microsoft\VC\v170\1033\folder.xml,Folder,StringProperty,Identity,
C:\Program Files\Microsoft Visual Studio\18\Community\MSBuild\Microsoft\VC\v170\1033\folder.xml,Folder,StringProperty,FullPath,
C:\Program Files\Microsoft Visual Studio\18\Community\MSBuild\Microsoft\VC\v170\1033\fxc.xml,,StringListProperty,AdditionalIncludeDirectories,
C:\Program Files\Microsoft Visual Studio\18\Community\MSBuild\Microsoft\VC\v170\1033\fxc.xml,,BoolProperty,SuppressStartupBanner,
C:\Program Files\Microsoft Visual Studio\18\Community\MSBuild\Microsoft\VC\v170\1033\fxc.xml,,StringProperty,EntryPointName,
C:\Program Files\Microsoft Visual Studio\18\Community\MSBuild\Microsoft\VC\v170\1033\fxc.xml,,BoolProperty,TreatWarningAsError,
C:\Program Files\Microsoft Visual Studio\18\Community\MSBuild\Microsoft\VC\v170\1033\fxc.xml,,BoolProperty,DisableOptimizations,
C:\Program Files\Microsoft Visual Studio\18\Community\MSBuild\Microsoft\VC\v170\1033\fxc.xml,,BoolProperty,EnableDebuggingInformation,
C:\Program Files\Microsoft Visual Studio\18\Community\MSBuild\Microsoft\VC\v170\1033\fxc.xml,,EnumProperty,ShaderType,Effect;Vertex;Pixel;Geometry;Hull;Domain;Compute;Library;Mesh;Amplification;RootSignature
C:\Program Files\Microsoft Visual Studio\18\Community\MSBuild\Microsoft\VC\v170\1033\fxc.xml,,DynamicEnumProperty,ShaderModel,
C:\Program Files\Microsoft Visual Studio\18\Community\MSBuild\Microsoft\VC\v170\1033\fxc.xml,,BoolProperty,AllResourcesBound,
C:\Program Files\Microsoft Visual Studio\18\Community\MSBuild\Microsoft\VC\v170\1033\fxc.xml,,BoolProperty,EnableUnboundedDescriptorTables,
C:\Program Files\Microsoft Visual Studio\18\Community\MSBuild\Microsoft\VC\v170\1033\fxc.xml,,StringProperty,SetRootSignature,
C:\Program Files\Microsoft Visual Studio\18\Community\MSBuild\Microsoft\VC\v170\1033\fxc.xml,,StringListProperty,PreprocessorDefinitions,
C:\Program Files\Microsoft Visual Studio\18\Community\MSBuild\Microsoft\VC\v170\1033\fxc.xml,,StringProperty,AdditionalOptions,
C:\Program Files\Microsoft Visual Studio\18\Community\MSBuild\Microsoft\VC\v170\1033\fxc.xml,,StringProperty,VariableName,
C:\Program Files\Microsoft Visual Studio\18\Community\MSBuild\Microsoft\VC\v170\1033\fxc.xml,,StringProperty,HeaderFileOutput,
C:\Program Files\Microsoft Visual Studio\18\Community\MSBuild\Microsoft\VC\v170\1033\fxc.xml,,StringProperty,ObjectFileOutput,
C:\Program Files\Microsoft Visual Studio\18\Community\MSBuild\Microsoft\VC\v170\1033\fxc.xml,,EnumProperty,AssemblerOutput,NoListing;AssemblyCode;AssemblyCodeAndHex
C:\Program Files\Microsoft Visual Studio\18\Community\MSBuild\Microsoft\VC\v170\1033\fxc.xml,,StringProperty,AssemblerOutputFile,
C:\Program Files\Microsoft Visual Studio\18\Community\MSBuild\Microsoft\VC\v170\1033\fxc.xml,,BoolProperty,CompileD2DCustomEffect,
C:\Program Files\Microsoft Visual Studio\18\Community\MSBuild\Microsoft\VC\v170\1033\fxc.xml,,BoolProperty,MultiProcFXC,
C:\Program Files\Microsoft Visual Studio\18\Community\MSBuild\Microsoft\VC\v170\1033\general.xml,ConfigurationGeneral,StringProperty,OutDir,
C:\Program Files\Microsoft Visual Studio\18\Community\MSBuild\Microsoft\VC\v170\1033\general.xml,ConfigurationGeneral,StringProperty,IntDir,
C:\Program Files\Microsoft Visual Studio\18\Community\MSBuild\Microsoft\VC\v170\1033\general.xml,ConfigurationGeneral,StringProperty,TargetName,
C:\Program Files\Microsoft Visual Studio\18\Community\MSBuild\Microsoft\VC\v170\1033\general.xml,ConfigurationGeneral,EnumProperty,ConfigurationType,Makefile;Application;DynamicLibrary;StaticLibrary;Utility
C:\Program Files\Microsoft Visual Studio\18\Community\MSBuild\Microsoft\VC\v170\1033\general.xml,ConfigurationGeneral,DynamicEnumProperty,WindowsTargetPlatformVersion,
C:\Program Files\Microsoft Visual Studio\18\Community\MSBuild\Microsoft\VC\v170\1033\general.xml,ConfigurationGeneral,DynamicEnumProperty,PlatformToolset,
C:\Program Files\Microsoft Visual Studio\18\Community\MSBuild\Microsoft\VC\v170\1033\general.xml,ConfigurationGeneral,EnumProperty,LanguageStandard,Default;stdcpp14;stdcpp17;stdcpp20;stdcpp23;stdcpplatest
C:\Program Files\Microsoft Visual Studio\18\Community\MSBuild\Microsoft\VC\v170\1033\general.xml,ConfigurationGeneral,EnumProperty,LanguageStandard_C,Default;stdc11;stdc17;stdclatest
C:\Program Files\Microsoft Visual Studio\18\Community\MSBuild\Microsoft\VC\v170\1033\general.xml,ConfigurationGeneral,StringProperty,SDKDisplayName,
C:\Program Files\Microsoft Visual Studio\18\Community\MSBuild\Microsoft\VC\v170\1033\general.xml,ConfigurationGeneral,StringProperty,TargetExt,
C:\Program Files\Microsoft Visual Studio\18\Community\MSBuild\Microsoft\VC\v170\1033\general.xml,ConfigurationGeneral,StringListProperty,ExtensionsToDeleteOnClean,
C:\Program Files\Microsoft Visual Studio\18\Community\MSBuild\Microsoft\VC\v170\1033\general.xml,ConfigurationGeneral,StringProperty,BuildLogFile,
C:\Program Files\Microsoft Visual Studio\18\Community\MSBuild\Microsoft\VC\v170\1033\general.xml,ConfigurationGeneral,EnumProperty,UseOfMfc,false;Static;Dynamic
C:\Program Files\Microsoft Visual Studio\18\Community\MSBuild\Microsoft\VC\v170\1033\general.xml,ConfigurationGeneral,EnumProperty,UseOfAtl,false;Static;Dynamic
C:\Program Files\Microsoft Visual Studio\18\Community\MSBuild\Microsoft\VC\v170\1033\general.xml,ConfigurationGeneral,EnumProperty,CharacterSet,NotSet;Unicode;MultiByte
C:\Program Files\Microsoft Visual Studio\18\Community\MSBuild\Microsoft\VC\v170\1033\general.xml,ConfigurationGeneral,EnumProperty,CLRSupport,false;true;Pure;Safe
C:\Program Files\Microsoft Visual Studio\18\Community\MSBuild\Microsoft\VC\v170\1033\general.xml,ConfigurationGeneral,StringProperty,TargetFrameworkVersion,
C:\Program Files\Microsoft Visual Studio\18\Community\MSBuild\Microsoft\VC\v170\1033\general.xml,ConfigurationGeneral,StringProperty,TargetFramework,
C:\Program Files\Microsoft Visual Studio\18\Community\MSBuild\Microsoft\VC\v170\1033\general.xml,ConfigurationGeneral,EnumProperty,WholeProgramOptimization,false;true;PGInstrument;PGOptimize;PGUpdate
C:\Program Files\Microsoft Visual Studio\18\Community\MSBuild\Microsoft\VC\v170\1033\general.xml,ConfigurationGeneral,BoolProperty,WindowsAppContainer,
C:\Program Files\Microsoft Visual Studio\18\Community\MSBuild\Microsoft\VC\v170\1033\general.xml,ConfigurationGeneral,BoolProperty,UseDebugLibraries,
C:\Program Files\Microsoft Visual Studio\18\Community\MSBuild\Microsoft\VC\v170\1033\general.xml,ConfigurationGeneral,BoolProperty,EnableManagedIncrementalBuild,
C:\Program Files\Microsoft Visual Studio\18\Community\MSBuild\Microsoft\VC\v170\1033\general.xml,ConfigurationGeneral,StringProperty,_ProjectFileVersion,
C:\Program Files\Microsoft Visual Studio\18\Community\MSBuild\Microsoft\VC\v170\1033\general.xml,ConfigurationGeneral,StringProperty,ProjectGuid,
C:\Program Files\Microsoft Visual Studio\18\Community\MSBuild\Microsoft\VC\v170\1033\general.xml,ConfigurationGeneral,DynamicEnumProperty,TargetFrameworkMoniker,
C:\Program Files\Microsoft Visual Studio\18\Community\MSBuild\Microsoft\VC\v170\1033\general.xml,ConfigurationGeneral,StringProperty,TargetPath,
C:\Program Files\Microsoft Visual Studio\18\Community\MSBuild\Microsoft\VC\v170\1033\general.xml,ConfigurationGeneral,StringProperty,MSBuildProjectDirectory,
C:\Program Files\Microsoft Visual Studio\18\Community\MSBuild\Microsoft\VC\v170\1033\general.xml,ConfigurationGeneral,StringProperty,PackageAction,
C:\Program Files\Microsoft Visual Studio\18\Community\MSBuild\Microsoft\VC\v170\1033\general.xml,ConfigurationGeneral,StringProperty,DefaultContentType,
C:\Program Files\Microsoft Visual Studio\18\Community\MSBuild\Microsoft\VC\v170\1033\general.xml,ConfigurationGeneral,StringProperty,VCInstallDir,
C:\Program Files\Microsoft Visual Studio\18\Community\MSBuild\Microsoft\VC\v170\1033\general.xml,ConfigurationGeneral,StringProperty,VCIDEInstallDir,
C:\Program Files\Microsoft Visual Studio\18\Community\MSBuild\Microsoft\VC\v170\1033\general.xml,ConfigurationGeneral,StringProperty,VCToolsInstallDir,
C:\Program Files\Microsoft Visual Studio\18\Community\MSBuild\Microsoft\VC\v170\1033\general.xml,ConfigurationGeneral,StringProperty,VSInstallDir,
C:\Program Files\Microsoft Visual Studio\18\Community\MSBuild\Microsoft\VC\v170\1033\general.xml,ConfigurationGeneral,StringProperty,Platform,
C:\Program Files\Microsoft Visual Studio\18\Community\MSBuild\Microsoft\VC\v170\1033\general.xml,ConfigurationGeneral,StringProperty,Configuration,
C:\Program Files\Microsoft Visual Studio\18\Community\MSBuild\Microsoft\VC\v170\1033\general.xml,ConfigurationGeneral,StringProperty,DebuggerSymbolsPath,
C:\Program Files\Microsoft Visual Studio\18\Community\MSBuild\Microsoft\VC\v170\1033\general.xml,ConfigurationGeneral,StringProperty,AssemblySearchPaths,
C:\Program Files\Microsoft Visual Studio\18\Community\MSBuild\Microsoft\VC\v170\1033\general.xml,ConfigurationGeneral,StringProperty,DefaultPlatformToolset,
C:\Program Files\Microsoft Visual Studio\18\Community\MSBuild\Microsoft\VC\v170\1033\general.xml,ConfigurationGeneral,BoolProperty,EnableDesignTimeBuild,
C:\Program Files\Microsoft Visual Studio\18\Community\MSBuild\Microsoft\VC\v170\1033\general.xml,ConfigurationGeneral,BoolProperty,AppContainerApplication,
C:\Program Files\Microsoft Visual Studio\18\Community\MSBuild\Microsoft\VC\v170\1033\general.xml,ConfigurationGeneral,EnumProperty,TargetRuntime,Managed;Native;AppHost
C:\Program Files\Microsoft Visual Studio\18\Community\MSBuild\Microsoft\VC\v170\1033\general.xml,ConfigurationGeneral,StringProperty,AddItemTemplateGuid,
C:\Program Files\Microsoft Visual Studio\18\Community\MSBuild\Microsoft\VC\v170\1033\general.xml,ConfigurationGeneral,BoolProperty,ContainsStartupTask,
C:\Program Files\Microsoft Visual Studio\18\Community\MSBuild\Microsoft\VC\v170\1033\general.xml,ConfigurationGeneral,StringProperty,ProjectSubType,
C:\Program Files\Microsoft Visual Studio\18\Community\MSBuild\Microsoft\VC\v170\1033\general_advanced.xml,ConfigurationGeneralAdvanced,EnumProperty,CLRSupport,false;NetCore;true;Pure;Safe
C:\Program Files\Microsoft Visual Studio\18\Community\MSBuild\Microsoft\VC\v170\1033\general_advanced.xml,ConfigurationGeneralAdvanced,StringProperty,TargetFrameworkVersion,
C:\Program Files\Microsoft Visual Studio\18\Community\MSBuild\Microsoft\VC\v170\1033\general_advanced.xml,ConfigurationGeneralAdvanced,StringProperty,TargetFramework,
C:\Program Files\Microsoft Visual Studio\18\Community\MSBuild\Microsoft\VC\v170\1033\general_advanced.xml,ConfigurationGeneralAdvanced,BoolProperty,EnableManagedIncrementalBuild,
C:\Program Files\Microsoft Visual Studio\18\Community\MSBuild\Microsoft\VC\v170\1033\general_advanced.xml,ConfigurationGeneralAdvanced,BoolProperty,ManagedAssembly,
C:\Program Files\Microsoft Visual Studio\18\Community\MSBuild\Microsoft\VC\v170\1033\general_advanced.xml,ConfigurationGeneralAdvanced,StringProperty,TargetExt,
C:\Program Files\Microsoft Visual Studio\18\Community\MSBuild\Microsoft\VC\v170\1033\general_advanced.xml,ConfigurationGeneralAdvanced,StringListProperty,ExtensionsToDeleteOnClean,
C:\Program Files\Microsoft Visual Studio\18\Community\MSBuild\Microsoft\VC\v170\1033\general_advanced.xml,ConfigurationGeneralAdvanced,StringProperty,BuildLogFile,
C:\Program Files\Microsoft Visual Studio\18\Community\MSBuild\Microsoft\VC\v170\1033\general_advanced.xml,ConfigurationGeneralAdvanced,EnumProperty,PreferredToolArchitecture,x86;x64
C:\Program Files\Microsoft Visual Studio\18\Community\MSBuild\Microsoft\VC\v170\1033\general_advanced.xml,ConfigurationGeneralAdvanced,BoolProperty,UseDebugLibraries,
C:\Program Files\Microsoft Visual Studio\18\Community\MSBuild\Microsoft\VC\v170\1033\general_advanced.xml,ConfigurationGeneralAdvanced,BoolProperty,EnableUnitySupport,
C:\Program Files\Microsoft Visual Studio\18\Community\MSBuild\Microsoft\VC\v170\1033\general_advanced.xml,ConfigurationGeneralAdvanced,BoolProperty,CopyLocalDeploymentContent,
C:\Program Files\Microsoft Visual Studio\18\Community\MSBuild\Microsoft\VC\v170\1033\general_advanced.xml,ConfigurationGeneralAdvanced,BoolProperty,CopyLocalProjectReference,
C:\Program Files\Microsoft Visual Studio\18\Community\MSBuild\Microsoft\VC\v170\1033\general_advanced.xml,ConfigurationGeneralAdvanced,BoolProperty,CopyLocalDebugSymbols,
C:\Program Files\Microsoft Visual Studio\18\Community\MSBuild\Microsoft\VC\v170\1033\general_advanced.xml,ConfigurationGeneralAdvanced,BoolProperty,CopyCppRuntimeToOutputDir,
C:\Program Files\Microsoft Visual Studio\18\Community\MSBuild\Microsoft\VC\v170\1033\general_advanced.xml,ConfigurationGeneralAdvanced,EnumProperty,UseOfMfc,false;Static;Dynamic
C:\Program Files\Microsoft Visual Studio\18\Community\MSBuild\Microsoft\VC\v170\1033\general_advanced.xml,ConfigurationGeneralAdvanced,EnumProperty,CharacterSet,NotSet;Unicode;MultiByte
C:\Program Files\Microsoft Visual Studio\18\Community\MSBuild\Microsoft\VC\v170\1033\general_advanced.xml,ConfigurationGeneralAdvanced,EnumProperty,WholeProgramOptimization,false;true;PGInstrument;PGOptimize;PGUpdate
C:\Program Files\Microsoft Visual Studio\18\Community\MSBuild\Microsoft\VC\v170\1033\general_advanced.xml,ConfigurationGeneralAdvanced,BoolProperty,UseDynamicDebugging,
C:\Program Files\Microsoft Visual Studio\18\Community\MSBuild\Microsoft\VC\v170\1033\general_advanced.xml,ConfigurationGeneralAdvanced,DynamicEnumProperty,VCToolsVersion,
C:\Program Files\Microsoft Visual Studio\18\Community\MSBuild\Microsoft\VC\v170\1033\general_advanced.xml,ConfigurationGeneralAdvanced,BoolProperty,UseStructuredOutput,
C:\Program Files\Microsoft Visual Studio\18\Community\MSBuild\Microsoft\VC\v170\1033\general_advanced.xml,ConfigurationGeneralAdvanced,BoolProperty,EnableManagedPackageReferenceSupport,
C:\Program Files\Microsoft Visual Studio\18\Community\MSBuild\Microsoft\VC\v170\1033\general_advanced_arm64x.xml,ConfigurationGeneralAdvanced,BoolProperty,BuildAsX,
C:\Program Files\Microsoft Visual Studio\18\Community\MSBuild\Microsoft\VC\v170\1033\general_advanced_hostarm64.xml,ConfigurationGeneralAdvanced,EnumProperty,PreferredToolArchitecture,arm64;x86;x64
C:\Program Files\Microsoft Visual Studio\18\Community\MSBuild\Microsoft\VC\v170\1033\general_advanced_netcore.xml,ConfigurationGeneralAdvanced,EnumProperty,TargetFramework,netcoreapp3.1;net5.0;net6.0;net7.0;net8.0;net9.0
C:\Program Files\Microsoft Visual Studio\18\Community\MSBuild\Microsoft\VC\v170\1033\general_advanced_netcore.xml,ConfigurationGeneralAdvanced,StringProperty,TargetFrameworkVersion,
C:\Program Files\Microsoft Visual Studio\18\Community\MSBuild\Microsoft\VC\v170\1033\general_advanced_netcore.xml,ConfigurationGeneralAdvanced,BoolProperty,EnableManagedIncrementalBuild,
C:\Program Files\Microsoft Visual Studio\18\Community\MSBuild\Microsoft\VC\v170\1033\general_advanced_netcore.xml,ConfigurationGeneralAdvanced,DynamicEnumProperty,WindowsTargetPlatformMinVersion,
C:\Program Files\Microsoft Visual Studio\18\Community\MSBuild\Microsoft\VC\v170\1033\general_advanced_netcore.xml,ConfigurationGeneralAdvanced,BoolProperty,EnableManagedPackageReferenceSupport,
C:\Program Files\Microsoft Visual Studio\18\Community\MSBuild\Microsoft\VC\v170\1033\general_appcontainerapplication.xml,ConfigurationGeneral,StringProperty,SDKDisplayName,
C:\Program Files\Microsoft Visual Studio\18\Community\MSBuild\Microsoft\VC\v170\1033\general_appcontainerapplication.xml,ConfigurationGeneral,DynamicEnumProperty,WindowsTargetPlatformVersion,
C:\Program Files\Microsoft Visual Studio\18\Community\MSBuild\Microsoft\VC\v170\1033\general_appcontainerapplication.xml,ConfigurationGeneral,DynamicEnumProperty,WindowsTargetPlatformMinVersion,
C:\Program Files\Microsoft Visual Studio\18\Community\MSBuild\Microsoft\VC\v170\1033\general_appcontainerapplication.xml,ConfigurationGeneral,StringProperty,OutDir,
C:\Program Files\Microsoft Visual Studio\18\Community\MSBuild\Microsoft\VC\v170\1033\general_appcontainerapplication.xml,ConfigurationGeneral,StringProperty,IntDir,
C:\Program Files\Microsoft Visual Studio\18\Community\MSBuild\Microsoft\VC\v170\1033\general_appcontainerapplication.xml,ConfigurationGeneral,StringProperty,TargetName,
C:\Program Files\Microsoft Visual Studio\18\Community\MSBuild\Microsoft\VC\v170\1033\general_appcontainerapplication.xml,ConfigurationGeneral,StringProperty,TargetExt,
C:\Program Files\Microsoft Visual Studio\18\Community\MSBuild\Microsoft\VC\v170\1033\general_appcontainerapplication.xml,ConfigurationGeneral,StringListProperty,ExtensionsToDeleteOnClean,
C:\Program Files\Microsoft Visual Studio\18\Community\MSBuild\Microsoft\VC\v170\1033\general_appcontainerapplication.xml,ConfigurationGeneral,StringProperty,BuildLogFile,
C:\Program Files\Microsoft Visual Studio\18\Community\MSBuild\Microsoft\VC\v170\1033\general_appcontainerapplication.xml,ConfigurationGeneral,DynamicEnumProperty,PlatformToolset,
C:\Program Files\Microsoft Visual Studio\18\Community\MSBuild\Microsoft\VC\v170\1033\general_appcontainerapplication.xml,ConfigurationGeneral,EnumProperty,ConfigurationType,Application;DynamicLibrary;StaticLibrary
C:\Program Files\Microsoft Visual Studio\18\Community\MSBuild\Microsoft\VC\v170\1033\general_appcontainerapplication.xml,ConfigurationGeneral,EnumProperty,WholeProgramOptimization,false;true
C:\Program Files\Microsoft Visual Studio\18\Community\MSBuild\Microsoft\VC\v170\1033\general_appcontainerapplication.xml,ConfigurationGeneral,BoolProperty,WindowsAppContainer,
C:\Program Files\Microsoft Visual Studio\18\Community\MSBuild\Microsoft\VC\v170\1033\general_appcontainerapplication.xml,ConfigurationGeneral,BoolProperty,DesktopCompatible,
C:\Program Files\Microsoft Visual Studio\18\Community\MSBuild\Microsoft\VC\v170\1033\general_appcontainerapplication.xml,ConfigurationGeneral,EnumProperty,CharacterSet,Unicode
C:\Program Files\Microsoft Visual Studio\18\Community\MSBuild\Microsoft\VC\v170\1033\general_appcontainerapplication.xml,ConfigurationGeneral,BoolProperty,UseDebugLibraries,
C:\Program Files\Microsoft Visual Studio\18\Community\MSBuild\Microsoft\VC\v170\1033\general_appcontainerapplication.xml,ConfigurationGeneral,StringProperty,_ProjectFileVersion,
C:\Program Files\Microsoft Visual Studio\18\Community\MSBuild\Microsoft\VC\v170\1033\general_appcontainerapplication.xml,ConfigurationGeneral,StringProperty,ProjectGuid,
C:\Program Files\Microsoft Visual Studio\18\Community\MSBuild\Microsoft\VC\v170\1033\general_appcontainerapplication.xml,ConfigurationGeneral,DynamicEnumProperty,TargetFrameworkMoniker,
C:\Program Files\Microsoft Visual Studio\18\Community\MSBuild\Microsoft\VC\v170\1033\general_appcontainerapplication.xml,ConfigurationGeneral,EnumProperty,UseOfMfc,false;Static;Dynamic
C:\Program Files\Microsoft Visual Studio\18\Community\MSBuild\Microsoft\VC\v170\1033\general_appcontainerapplication.xml,ConfigurationGeneral,EnumProperty,UseOfAtl,false;Static;Dynamic
C:\Program Files\Microsoft Visual Studio\18\Community\MSBuild\Microsoft\VC\v170\1033\general_appcontainerapplication.xml,ConfigurationGeneral,EnumProperty,CLRSupport,false;true;Pure;Safe
C:\Program Files\Microsoft Visual Studio\18\Community\MSBuild\Microsoft\VC\v170\1033\general_appcontainerapplication.xml,ConfigurationGeneral,StringProperty,TargetPath,
C:\Program Files\Microsoft Visual Studio\18\Community\MSBuild\Microsoft\VC\v170\1033\general_appcontainerapplication.xml,ConfigurationGeneral,StringProperty,MSBuildProjectDirectory,
C:\Program Files\Microsoft Visual Studio\18\Community\MSBuild\Microsoft\VC\v170\1033\general_appcontainerapplication.xml,ConfigurationGeneral,StringProperty,PackageAction,
C:\Program Files\Microsoft Visual Studio\18\Community\MSBuild\Microsoft\VC\v170\1033\general_appcontainerapplication.xml,ConfigurationGeneral,StringProperty,DefaultContentType,
C:\Program Files\Microsoft Visual Studio\18\Community\MSBuild\Microsoft\VC\v170\1033\general_appcontainerapplication.xml,ConfigurationGeneral,StringProperty,VCInstallDir,
C:\Program Files\Microsoft Visual Studio\18\Community\MSBuild\Microsoft\VC\v170\1033\general_appcontainerapplication.xml,ConfigurationGeneral,StringProperty,VCIDEInstallDir,
C:\Program Files\Microsoft Visual Studio\18\Community\MSBuild\Microsoft\VC\v170\1033\general_appcontainerapplication.xml,ConfigurationGeneral,StringProperty,VSInstallDir,
C:\Program Files\Microsoft Visual Studio\18\Community\MSBuild\Microsoft\VC\v170\1033\general_appcontainerapplication.xml,ConfigurationGeneral,StringProperty,Platform,
C:\Program Files\Microsoft Visual Studio\18\Community\MSBuild\Microsoft\VC\v170\1033\general_appcontainerapplication.xml,ConfigurationGeneral,StringProperty,Configuration,
C:\Program Files\Microsoft Visual Studio\18\Community\MSBuild\Microsoft\VC\v170\1033\general_appcontainerapplication.xml,ConfigurationGeneral,StringProperty,DebuggerSymbolsPath,
C:\Program Files\Microsoft Visual Studio\18\Community\MSBuild\Microsoft\VC\v170\1033\general_appcontainerapplication.xml,ConfigurationGeneral,StringProperty,AssemblySearchPaths,
C:\Program Files\Microsoft Visual Studio\18\Community\MSBuild\Microsoft\VC\v170\1033\general_appcontainerapplication.xml,ConfigurationGeneral,StringProperty,DefaultPlatformToolset,
C:\Program Files\Microsoft Visual Studio\18\Community\MSBuild\Microsoft\VC\v170\1033\general_appcontainerapplication.xml,ConfigurationGeneral,BoolProperty,EnableDesignTimeBuild,
C:\Program Files\Microsoft Visual Studio\18\Community\MSBuild\Microsoft\VC\v170\1033\general_appcontainerapplication.xml,ConfigurationGeneral,BoolProperty,AppContainerApplication,
C:\Program Files\Microsoft Visual Studio\18\Community\MSBuild\Microsoft\VC\v170\1033\general_appcontainerapplication.xml,ConfigurationGeneral,EnumProperty,TargetRuntime,Managed;Native;AppHost
C:\Program Files\Microsoft Visual Studio\18\Community\MSBuild\Microsoft\VC\v170\1033\general_appcontainerapplication.xml,ConfigurationGeneral,StringProperty,AddItemTemplateGuid,
C:\Program Files\Microsoft Visual Studio\18\Community\MSBuild\Microsoft\VC\v170\1033\general_appcontainerapplication.xml,ConfigurationGeneral,BoolProperty,ContainsStartupTask,
C:\Program Files\Microsoft Visual Studio\18\Community\MSBuild\Microsoft\VC\v170\1033\general_file.xml,ConfigurationGeneralFile,BoolProperty,ExcludedFromBuild,
C:\Program Files\Microsoft Visual Studio\18\Community\MSBuild\Microsoft\VC\v170\1033\general_file.xml,ConfigurationGeneralFile,BoolProperty,DeploymentContent,
C:\Program Files\Microsoft Visual Studio\18\Community\MSBuild\Microsoft\VC\v170\1033\general_file.xml,ConfigurationGeneralFile,DynamicEnumProperty,{}{ItemType},
C:\Program Files\Microsoft Visual Studio\18\Community\MSBuild\Microsoft\VC\v170\1033\general_file.xml,ConfigurationGeneralFile,StringProperty,GeneratorTarget,
C:\Program Files\Microsoft Visual Studio\18\Community\MSBuild\Microsoft\VC\v170\1033\general_makefile.xml,ConfigurationGeneral,StringProperty,OutDir,
C:\Program Files\Microsoft Visual Studio\18\Community\MSBuild\Microsoft\VC\v170\1033\general_makefile.xml,ConfigurationGeneral,StringProperty,IntDir,
C:\Program Files\Microsoft Visual Studio\18\Community\MSBuild\Microsoft\VC\v170\1033\general_makefile.xml,ConfigurationGeneral,EnumProperty,ConfigurationType,Makefile;Application;DynamicLibrary;StaticLibrary;Utility
C:\Program Files\Microsoft Visual Studio\18\Community\MSBuild\Microsoft\VC\v170\1033\general_makefile.xml,ConfigurationGeneral,EnumProperty,CLRSupport,false;true;Pure;Safe
C:\Program Files\Microsoft Visual Studio\18\Community\MSBuild\Microsoft\VC\v170\1033\general_makefile.xml,ConfigurationGeneral,StringProperty,TargetFrameworkVersion,
C:\Program Files\Microsoft Visual Studio\18\Community\MSBuild\Microsoft\VC\v170\1033\general_makefile.xml,ConfigurationGeneral,StringProperty,BuildLogFile,
C:\Program Files\Microsoft Visual Studio\18\Community\MSBuild\Microsoft\VC\v170\1033\general_makefile.xml,ConfigurationGeneral,StringProperty,_ProjectFileVersion,
C:\Program Files\Microsoft Visual Studio\18\Community\MSBuild\Microsoft\VC\v170\1033\general_makefile.xml,ConfigurationGeneral,StringProperty,ProjectGuid,
C:\Program Files\Microsoft Visual Studio\18\Community\MSBuild\Microsoft\VC\v170\1033\general_makefile.xml,ConfigurationGeneral,EnumProperty,UseOfMfc,false;Static;Dynamic
C:\Program Files\Microsoft Visual Studio\18\Community\MSBuild\Microsoft\VC\v170\1033\general_makefile.xml,ConfigurationGeneral,EnumProperty,UseOfAtl,false;Static;Dynamic
C:\Program Files\Microsoft Visual Studio\18\Community\MSBuild\Microsoft\VC\v170\1033\general_makefile.xml,ConfigurationGeneral,EnumProperty,CharacterSet,NotSet;Unicode;MultiByte
C:\Program Files\Microsoft Visual Studio\18\Community\MSBuild\Microsoft\VC\v170\1033\general_makefile.xml,ConfigurationGeneral,StringProperty,PlatformToolset,
C:\Program Files\Microsoft Visual Studio\18\Community\MSBuild\Microsoft\VC\v170\1033\general_makefile.xml,ConfigurationGeneral,StringProperty,TargetFrameworkMoniker,
C:\Program Files\Microsoft Visual Studio\18\Community\MSBuild\Microsoft\VC\v170\1033\general_makefile.xml,ConfigurationGeneral,StringProperty,TargetPath,
C:\Program Files\Microsoft Visual Studio\18\Community\MSBuild\Microsoft\VC\v170\1033\general_makefile.xml,ConfigurationGeneral,StringProperty,MSBuildProjectDirectory,
C:\Program Files\Microsoft Visual Studio\18\Community\MSBuild\Microsoft\VC\v170\1033\general_makefile.xml,ConfigurationGeneral,StringProperty,PackageAction,
C:\Program Files\Microsoft Visual Studio\18\Community\MSBuild\Microsoft\VC\v170\1033\general_makefile.xml,ConfigurationGeneral,StringProperty,DefaultContentType,
C:\Program Files\Microsoft Visual Studio\18\Community\MSBuild\Microsoft\VC\v170\1033\general_makefile.xml,ConfigurationGeneral,StringProperty,VCInstallDir,
C:\Program Files\Microsoft Visual Studio\18\Community\MSBuild\Microsoft\VC\v170\1033\general_makefile.xml,ConfigurationGeneral,StringProperty,VCIDEInstallDir,
C:\Program Files\Microsoft Visual Studio\18\Community\MSBuild\Microsoft\VC\v170\1033\general_makefile.xml,ConfigurationGeneral,StringProperty,VSInstallDir,
C:\Program Files\Microsoft Visual Studio\18\Community\MSBuild\Microsoft\VC\v170\1033\general_makefile.xml,ConfigurationGeneral,StringProperty,Platform,
C:\Program Files\Microsoft Visual Studio\18\Community\MSBuild\Microsoft\VC\v170\1033\general_makefile.xml,ConfigurationGeneral,StringProperty,Configuration,
C:\Program Files\Microsoft Visual Studio\18\Community\MSBuild\Microsoft\VC\v170\1033\general_makefile.xml,ConfigurationGeneral,StringProperty,DebuggerSymbolsPath,
C:\Program Files\Microsoft Visual Studio\18\Community\MSBuild\Microsoft\VC\v170\1033\general_makefile.xml,ConfigurationGeneral,BoolProperty,WindowsAppContainer,
C:\Program Files\Microsoft Visual Studio\18\Community\MSBuild\Microsoft\VC\v170\1033\general_makefile.xml,ConfigurationGeneral,StringProperty,TargetPlatformVersion,
C:\Program Files\Microsoft Visual Studio\18\Community\MSBuild\Microsoft\VC\v170\1033\general_makefile.xml,ConfigurationGeneral,BoolProperty,UseDebugLibraries,
C:\Program Files\Microsoft Visual Studio\18\Community\MSBuild\Microsoft\VC\v170\1033\general_makefile.xml,ConfigurationGeneral,BoolProperty,EnableManagedIncrementalBuild,
C:\Program Files\Microsoft Visual Studio\18\Community\MSBuild\Microsoft\VC\v170\1033\general_makefile.xml,ConfigurationGeneral,StringProperty,AssemblySearchPaths,
C:\Program Files\Microsoft Visual Studio\18\Community\MSBuild\Microsoft\VC\v170\1033\general_makefile.xml,ConfigurationGeneral,StringProperty,DefaultPlatformToolset,
C:\Program Files\Microsoft Visual Studio\18\Community\MSBuild\Microsoft\VC\v170\1033\general_makefile.xml,ConfigurationGeneral,BoolProperty,EnableDesignTimeBuild,
C:\Program Files\Microsoft Visual Studio\18\Community\MSBuild\Microsoft\VC\v170\1033\general_makefile.xml,ConfigurationGeneral,BoolProperty,AppContainerApplication,
C:\Program Files\Microsoft Visual Studio\18\Community\MSBuild\Microsoft\VC\v170\1033\general_makefile.xml,ConfigurationGeneral,EnumProperty,TargetRuntime,Managed;Native;AppHost
C:\Program Files\Microsoft Visual Studio\18\Community\MSBuild\Microsoft\VC\v170\1033\general_makefile_ps.xml,ConfigurationGeneral,StringProperty,OutDir,
C:\Program Files\Microsoft Visual Studio\18\Community\MSBuild\Microsoft\VC\v170\1033\general_makefile_ps.xml,ConfigurationGeneral,StringProperty,IntDir,
C:\Program Files\Microsoft Visual Studio\18\Community\MSBuild\Microsoft\VC\v170\1033\general_makefile_ps.xml,ConfigurationGeneral,EnumProperty,CLRSupport,false;true;Pure;Safe
C:\Program Files\Microsoft Visual Studio\18\Community\MSBuild\Microsoft\VC\v170\1033\general_makefile_ps.xml,ConfigurationGeneral,StringProperty,BuildLogFile,
C:\Program Files\Microsoft Visual Studio\18\Community\MSBuild\Microsoft\VC\v170\1033\general_makefile_ps.xml,ConfigurationGeneral,StringProperty,_ProjectFileVersion,
C:\Program Files\Microsoft Visual Studio\18\Community\MSBuild\Microsoft\VC\v170\1033\general_makefile_ps.xml,ConfigurationGeneral,DynamicEnumProperty,TargetFrameworkMoniker,
C:\Program Files\Microsoft Visual Studio\18\Community\MSBuild\Microsoft\VC\v170\1033\general_ps.xml,ConfigurationGeneral,StringProperty,OutDir,
C:\Program Files\Microsoft Visual Studio\18\Community\MSBuild\Microsoft\VC\v170\1033\general_ps.xml,ConfigurationGeneral,StringProperty,IntDir,
C:\Program Files\Microsoft Visual Studio\18\Community\MSBuild\Microsoft\VC\v170\1033\general_ps.xml,ConfigurationGeneral,StringProperty,TargetName,
C:\Program Files\Microsoft Visual Studio\18\Community\MSBuild\Microsoft\VC\v170\1033\general_ps.xml,ConfigurationGeneral,StringProperty,TargetExt,
C:\Program Files\Microsoft Visual Studio\18\Community\MSBuild\Microsoft\VC\v170\1033\general_ps.xml,ConfigurationGeneral,StringListProperty,ExtensionsToDeleteOnClean,
C:\Program Files\Microsoft Visual Studio\18\Community\MSBuild\Microsoft\VC\v170\1033\general_ps.xml,ConfigurationGeneral,StringListProperty,NoDependencies,
C:\Program Files\Microsoft Visual Studio\18\Community\MSBuild\Microsoft\VC\v170\1033\general_ps.xml,ConfigurationGeneral,StringProperty,BuildLogFile,
C:\Program Files\Microsoft Visual Studio\18\Community\MSBuild\Microsoft\VC\v170\1033\general_ps.xml,ConfigurationGeneral,BoolProperty,EnableManagedIncrementalBuild,
C:\Program Files\Microsoft Visual Studio\18\Community\MSBuild\Microsoft\VC\v170\1033\general_ps.xml,ConfigurationGeneral,StringProperty,_ProjectFileVersion,
C:\Program Files\Microsoft Visual Studio\18\Community\MSBuild\Microsoft\VC\v170\1033\general_ps.xml,ConfigurationGeneral,DynamicEnumProperty,TargetFrameworkMoniker,
C:\Program Files\Microsoft Visual Studio\18\Community\MSBuild\Microsoft\VC\v170\1033\general_uwp_arm64x.xml,ConfigurationGeneral,BoolProperty,BuildAsX,
C:\Program Files\Microsoft Visual Studio\18\Community\MSBuild\Microsoft\VC\v170\1033\isense_general.xml,CL,StringListProperty,AdditionalIncludeDirectories,
C:\Program Files\Microsoft Visual Studio\18\Community\MSBuild\Microsoft\VC\v170\1033\isense_general.xml,CL,StringListProperty,ForcedIncludeFiles,
C:\Program Files\Microsoft Visual Studio\18\Community\MSBuild\Microsoft\VC\v170\1033\isense_general.xml,CL,StringListProperty,PreprocessorDefinitions,
C:\Program Files\Microsoft Visual Studio\18\Community\MSBuild\Microsoft\VC\v170\1033\isense_general.xml,CL,StringListProperty,UndefinePreprocessorDefinitions,
C:\Program Files\Microsoft Visual Studio\18\Community\MSBuild\Microsoft\VC\v170\1033\lib.xml,LIB,StringProperty,OutputFile,
C:\Program Files\Microsoft Visual Studio\18\Community\MSBuild\Microsoft\VC\v170\1033\lib.xml,LIB,StringListProperty,AdditionalDependencies,
C:\Program Files\Microsoft Visual Studio\18\Community\MSBuild\Microsoft\VC\v170\1033\lib.xml,LIB,StringListProperty,AdditionalLibraryDirectories,
C:\Program Files\Microsoft Visual Studio\18\Community\MSBuild\Microsoft\VC\v170\1033\lib.xml,LIB,BoolProperty,SuppressStartupBanner,
C:\Program Files\Microsoft Visual Studio\18\Community\MSBuild\Microsoft\VC\v170\1033\lib.xml,LIB,StringProperty,ModuleDefinitionFile,
C:\Program Files\Microsoft Visual Studio\18\Community\MSBuild\Microsoft\VC\v170\1033\lib.xml,LIB,BoolProperty,IgnoreAllDefaultLibraries,
C:\Program Files\Microsoft Visual Studio\18\Community\MSBuild\Microsoft\VC\v170\1033\lib.xml,LIB,StringListProperty,IgnoreSpecificDefaultLibraries,
C:\Program Files\Microsoft Visual Studio\18\Community\MSBuild\Microsoft\VC\v170\1033\lib.xml,LIB,StringListProperty,ExportNamedFunctions,
C:\Program Files\Microsoft Visual Studio\18\Community\MSBuild\Microsoft\VC\v170\1033\lib.xml,LIB,StringProperty,ForceSymbolReferences,
C:\Program Files\Microsoft Visual Studio\18\Community\MSBuild\Microsoft\VC\v170\1033\lib.xml,LIB,BoolProperty,UseUnicodeResponseFiles,
C:\Program Files\Microsoft Visual Studio\18\Community\MSBuild\Microsoft\VC\v170\1033\lib.xml,LIB,BoolProperty,LinkLibraryDependencies,
C:\Program Files\Microsoft Visual Studio\18\Community\MSBuild\Microsoft\VC\v170\1033\lib.xml,LIB,EnumProperty,ErrorReporting,PromptImmediately;QueueForNextLogin;SendErrorReport;NoErrorReport
C:\Program Files\Microsoft Visual Studio\18\Community\MSBuild\Microsoft\VC\v170\1033\lib.xml,LIB,StringProperty,DisplayLibrary,
C:\Program Files\Microsoft Visual Studio\18\Community\MSBuild\Microsoft\VC\v170\1033\lib.xml,LIB,BoolProperty,TreatLibWarningAsErrors,
C:\Program Files\Microsoft Visual Studio\18\Community\MSBuild\Microsoft\VC\v170\1033\lib.xml,LIB,EnumProperty,TargetMachine,MachineARM;MachineARM64;MachineARM64X;MachineEBC;MachineIA64;MachineMIPS;MachineMIPS16;MachineMIPSFPU;MachineMIPSFPU16;MachineSH4;MachineTHUMB;MachineX64;MachineX86
C:\Program Files\Microsoft Visual Studio\18\Community\MSBuild\Microsoft\VC\v170\1033\lib.xml,LIB,EnumProperty,SubSystem,Console;Windows;Native;EFI Application;EFI Boot Service Driver;EFI ROM;EFI Runtime;WindowsCE;POSIX
C:\Program Files\Microsoft Visual Studio\18\Community\MSBuild\Microsoft\VC\v170\1033\lib.xml,LIB,StringProperty,MinimumRequiredVersion,
C:\Program Files\Microsoft Visual Studio\18\Community\MSBuild\Microsoft\VC\v170\1033\lib.xml,LIB,StringListProperty,RemoveObjects,
C:\Program Files\Microsoft Visual Studio\18\Community\MSBuild\Microsoft\VC\v170\1033\lib.xml,LIB,BoolProperty,Verbose,
C:\Program Files\Microsoft Visual Studio\18\Community\MSBuild\Microsoft\VC\v170\1033\lib.xml,LIB,StringProperty,Name,
C:\Program Files\Microsoft Visual Studio\18\Community\MSBuild\Microsoft\VC\v170\1033\lib.xml,LIB,BoolProperty,LinkTimeCodeGeneration,
C:\Program Files\Microsoft Visual Studio\18\Community\MSBuild\Microsoft\VC\v170\1033\lib.xml,LIB,StringProperty,AdditionalOptions,
C:\Program Files\Microsoft Visual Studio\18\Community\MSBuild\Microsoft\VC\v170\1033\lib.xml,LIB,StringProperty,TrackerLogDirectory,
C:\Program Files\Microsoft Visual Studio\18\Community\MSBuild\Microsoft\VC\v170\1033\lib.xml,LIB,BoolProperty,BuildingInIde,
C:\Program Files\Microsoft Visual Studio\18\Community\MSBuild\Microsoft\VC\v170\1033\link.xml,Link,StringProperty,OutputFile,
C:\Program Files\Microsoft Visual Studio\18\Community\MSBuild\Microsoft\VC\v170\1033\link.xml,Link,EnumProperty,ShowProgress,NotSet;LinkVerbose;LinkVerboseLib;LinkVerboseICF;LinkVerboseREF;LinkVerboseSAFESEH;LinkVerboseCLR
C:\Program Files\Microsoft Visual Studio\18\Community\MSBuild\Microsoft\VC\v170\1033\link.xml,Link,StringProperty,Version,
C:\Program Files\Microsoft Visual Studio\18\Community\MSBuild\Microsoft\VC\v170\1033\link.xml,Link,BoolProperty,LinkIncremental,
C:\Program Files\Microsoft Visual Studio\18\Community\MSBuild\Microsoft\VC\v170\1033\link.xml,Link,StringProperty,IncrementalLinkDatabaseFile,
C:\Program Files\Microsoft Visual Studio\18\Community\MSBuild\Microsoft\VC\v170\1033\link.xml,Link,BoolProperty,SuppressStartupBanner,
C:\Program Files\Microsoft Visual Studio\18\Community\MSBuild\Microsoft\VC\v170\1033\link.xml,Link,BoolProperty,IgnoreImportLibrary,
C:\Program Files\Microsoft Visual Studio\18\Community\MSBuild\Microsoft\VC\v170\1033\link.xml,Link,BoolProperty,RegisterOutput,
C:\Program Files\Microsoft Visual Studio\18\Community\MSBuild\Microsoft\VC\v170\1033\link.xml,Link,BoolProperty,PerUserRedirection,
C:\Program Files\Microsoft Visual Studio\18\Community\MSBuild\Microsoft\VC\v170\1033\link.xml,Link,StringListProperty,AdditionalLibraryDirectories,
C:\Program Files\Microsoft Visual Studio\18\Community\MSBuild\Microsoft\VC\v170\1033\link.xml,Link,BoolProperty,LinkLibraryDependencies,
C:\Program Files\Microsoft Visual Studio\18\Community\MSBuild\Microsoft\VC\v170\1033\link.xml,Link,BoolProperty,UseLibraryDependencyInputs,
C:\Program Files\Microsoft Visual Studio\18\Community\MSBuild\Microsoft\VC\v170\1033\link.xml,Link,BoolProperty,LinkStatus,
C:\Program Files\Microsoft Visual Studio\18\Community\MSBuild\Microsoft\VC\v170\1033\link.xml,Link,BoolProperty,PreventDllBinding,
C:\Program Files\Microsoft Visual Studio\18\Community\MSBuild\Microsoft\VC\v170\1033\link.xml,Link,BoolProperty,TreatLinkerWarningAsErrors,
C:\Program Files\Microsoft Visual Studio\18\Community\MSBuild\Microsoft\VC\v170\1033\link.xml,Link,StringListProperty,Natvis,
C:\Program Files\Microsoft Visual Studio\18\Community\MSBuild\Microsoft\VC\v170\1033\link.xml,Link,EnumProperty,ForceFileOutput,Enabled;MultiplyDefinedSymbolOnly;UndefinedSymbolOnly
C:\Program Files\Microsoft Visual Studio\18\Community\MSBuild\Microsoft\VC\v170\1033\link.xml,Link,EnumProperty,CreateHotPatchableImage,Enabled;X86Image;X64Image;ItaniumImage
C:\Program Files\Microsoft Visual Studio\18\Community\MSBuild\Microsoft\VC\v170\1033\link.xml,Link,StringListProperty,SpecifySectionAttributes,
C:\Program Files\Microsoft Visual Studio\18\Community\MSBuild\Microsoft\VC\v170\1033\link.xml,Link,StringProperty,MSDOSStubFileName,
C:\Program Files\Microsoft Visual Studio\18\Community\MSBuild\Microsoft\VC\v170\1033\link.xml,Link,StringProperty,TrackerLogDirectory,
C:\Program Files\Microsoft Visual Studio\18\Community\MSBuild\Microsoft\VC\v170\1033\link.xml,Link,StringListProperty,AdditionalDependencies,
C:\Program Files\Microsoft Visual Studio\18\Community\MSBuild\Microsoft\VC\v170\1033\link.xml,Link,BoolProperty,IgnoreAllDefaultLibraries,
C:\Program Files\Microsoft Visual Studio\18\Community\MSBuild\Microsoft\VC\v170\1033\link.xml,Link,StringListProperty,IgnoreSpecificDefaultLibraries,
C:\Program Files\Microsoft Visual Studio\18\Community\MSBuild\Microsoft\VC\v170\1033\link.xml,Link,StringProperty,ModuleDefinitionFile,
C:\Program Files\Microsoft Visual Studio\18\Community\MSBuild\Microsoft\VC\v170\1033\link.xml,Link,StringListProperty,AddModuleNamesToAssembly,
C:\Program Files\Microsoft Visual Studio\18\Community\MSBuild\Microsoft\VC\v170\1033\link.xml,Link,StringListProperty,EmbedManagedResourceFile,
C:\Program Files\Microsoft Visual Studio\18\Community\MSBuild\Microsoft\VC\v170\1033\link.xml,Link,StringListProperty,ForceSymbolReferences,
C:\Program Files\Microsoft Visual Studio\18\Community\MSBuild\Microsoft\VC\v170\1033\link.xml,Link,StringListProperty,DelayLoadDLLs,
C:\Program Files\Microsoft Visual Studio\18\Community\MSBuild\Microsoft\VC\v170\1033\link.xml,Link,StringListProperty,AssemblyLinkResource,
C:\Program Files\Microsoft Visual Studio\18\Community\MSBuild\Microsoft\VC\v170\1033\link.xml,Link,BoolProperty,GenerateManifest,
C:\Program Files\Microsoft Visual Studio\18\Community\MSBuild\Microsoft\VC\v170\1033\link.xml,Link,StringProperty,ManifestFile,
C:\Program Files\Microsoft Visual Studio\18\Community\MSBuild\Microsoft\VC\v170\1033\link.xml,Link,StringListProperty,AdditionalManifestDependencies,
C:\Program Files\Microsoft Visual Studio\18\Community\MSBuild\Microsoft\VC\v170\1033\link.xml,Link,BoolProperty,AllowIsolation,
C:\Program Files\Microsoft Visual Studio\18\Community\MSBuild\Microsoft\VC\v170\1033\link.xml,Link,BoolProperty,EnableUAC,
C:\Program Files\Microsoft Visual Studio\18\Community\MSBuild\Microsoft\VC\v170\1033\link.xml,Link,EnumProperty,UACExecutionLevel,AsInvoker;HighestAvailable;RequireAdministrator
C:\Program Files\Microsoft Visual Studio\18\Community\MSBuild\Microsoft\VC\v170\1033\link.xml,Link,BoolProperty,UACUIAccess,
C:\Program Files\Microsoft Visual Studio\18\Community\MSBuild\Microsoft\VC\v170\1033\link.xml,Link,BoolProperty,ManifestEmbed,
C:\Program Files\Microsoft Visual Studio\18\Community\MSBuild\Microsoft\VC\v170\1033\link.xml,Link,StringListProperty,ManifestInput,
C:\Program Files\Microsoft Visual Studio\18\Community\MSBuild\Microsoft\VC\v170\1033\link.xml,Link,EnumProperty,GenerateDebugInformation,false;true;DebugFastLink;DebugFull
C:\Program Files\Microsoft Visual Studio\18\Community\MSBuild\Microsoft\VC\v170\1033\link.xml,Link,StringProperty,ProgramDatabaseFile,
C:\Program Files\Microsoft Visual Studio\18\Community\MSBuild\Microsoft\VC\v170\1033\link.xml,Link,BoolProperty,FullProgramDatabaseFile,
C:\Program Files\Microsoft Visual Studio\18\Community\MSBuild\Microsoft\VC\v170\1033\link.xml,Link,StringProperty,StripPrivateSymbols,
C:\Program Files\Microsoft Visual Studio\18\Community\MSBuild\Microsoft\VC\v170\1033\link.xml,Link,BoolProperty,GenerateMapFile,
C:\Program Files\Microsoft Visual Studio\18\Community\MSBuild\Microsoft\VC\v170\1033\link.xml,Link,StringProperty,MapFileName,
C:\Program Files\Microsoft Visual Studio\18\Community\MSBuild\Microsoft\VC\v170\1033\link.xml,Link,BoolProperty,MapExports,
C:\Program Files\Microsoft Visual Studio\18\Community\MSBuild\Microsoft\VC\v170\1033\link.xml,Link,BoolProperty,AssemblyDebug,
C:\Program Files\Microsoft Visual Studio\18\Community\MSBuild\Microsoft\VC\v170\1033\link.xml,Link,BoolProperty,UseDynamicDebugging,
C:\Program Files\Microsoft Visual Studio\18\Community\MSBuild\Microsoft\VC\v170\1033\link.xml,Link,StringProperty,DynamicDebuggingSuffix,
C:\Program Files\Microsoft Visual Studio\18\Community\MSBuild\Microsoft\VC\v170\1033\link.xml,Link,EnumProperty,SubSystem,NotSet;Console;Windows;Native;EFI Application;EFI Boot Service Driver;EFI ROM;EFI Runtime;POSIX
C:\Program Files\Microsoft Visual Studio\18\Community\MSBuild\Microsoft\VC\v170\1033\link.xml,Link,StringProperty,MinimumRequiredVersion,
C:\Program Files\Microsoft Visual Studio\18\Community\MSBuild\Microsoft\VC\v170\1033\link.xml,Link,StringProperty,HeapReserveSize,
C:\Program Files\Microsoft Visual Studio\18\Community\MSBuild\Microsoft\VC\v170\1033\link.xml,Link,StringProperty,HeapCommitSize,
C:\Program Files\Microsoft Visual Studio\18\Community\MSBuild\Microsoft\VC\v170\1033\link.xml,Link,StringProperty,StackReserveSize,
C:\Program Files\Microsoft Visual Studio\18\Community\MSBuild\Microsoft\VC\v170\1033\link.xml,Link,StringProperty,StackCommitSize,
C:\Program Files\Microsoft Visual Studio\18\Community\MSBuild\Microsoft\VC\v170\1033\link.xml,Link,BoolProperty,LargeAddressAware,
C:\Program Files\Microsoft Visual Studio\18\Community\MSBuild\Microsoft\VC\v170\1033\link.xml,Link,BoolProperty,TerminalServerAware,
C:\Program Files\Microsoft Visual Studio\18\Community\MSBuild\Microsoft\VC\v170\1033\link.xml,Link,BoolProperty,SwapRunFromCD,
C:\Program Files\Microsoft Visual Studio\18\Community\MSBuild\Microsoft\VC\v170\1033\link.xml,Link,BoolProperty,SwapRunFromNET,
C:\Program Files\Microsoft Visual Studio\18\Community\MSBuild\Microsoft\VC\v170\1033\link.xml,Link,EnumProperty,Driver,NotSet;Driver;UpOnly;WDM
C:\Program Files\Microsoft Visual Studio\18\Community\MSBuild\Microsoft\VC\v170\1033\link.xml,Link,BoolProperty,OptimizeReferences,
C:\Program Files\Microsoft Visual Studio\18\Community\MSBuild\Microsoft\VC\v170\1033\link.xml,Link,BoolProperty,EnableCOMDATFolding,
C:\Program Files\Microsoft Visual Studio\18\Community\MSBuild\Microsoft\VC\v170\1033\link.xml,Link,StringProperty,FunctionOrder,
C:\Program Files\Microsoft Visual Studio\18\Community\MSBuild\Microsoft\VC\v170\1033\link.xml,Link,StringProperty,ProfileGuidedDatabase,
C:\Program Files\Microsoft Visual Studio\18\Community\MSBuild\Microsoft\VC\v170\1033\link.xml,Link,EnumProperty,LinkTimeCodeGeneration,Default;UseFastLinkTimeCodeGeneration;UseLinkTimeCodeGeneration;PGInstrument;PGOptimization;PGUpdate
C:\Program Files\Microsoft Visual Studio\18\Community\MSBuild\Microsoft\VC\v170\1033\link.xml,Link,StringProperty,LinkTimeCodeGenerationObjectFile,
C:\Program Files\Microsoft Visual Studio\18\Community\MSBuild\Microsoft\VC\v170\1033\link.xml,Link,StringProperty,MidlCommandFile,
C:\Program Files\Microsoft Visual Studio\18\Community\MSBuild\Microsoft\VC\v170\1033\link.xml,Link,BoolProperty,IgnoreEmbeddedIDL,
C:\Program Files\Microsoft Visual Studio\18\Community\MSBuild\Microsoft\VC\v170\1033\link.xml,Link,StringProperty,MergedIDLBaseFileName,
C:\Program Files\Microsoft Visual Studio\18\Community\MSBuild\Microsoft\VC\v170\1033\link.xml,Link,StringProperty,TypeLibraryFile,
C:\Program Files\Microsoft Visual Studio\18\Community\MSBuild\Microsoft\VC\v170\1033\link.xml,Link,IntProperty,TypeLibraryResourceID,
C:\Program Files\Microsoft Visual Studio\18\Community\MSBuild\Microsoft\VC\v170\1033\link.xml,Link,BoolProperty,AppContainer,
C:\Program Files\Microsoft Visual Studio\18\Community\MSBuild\Microsoft\VC\v170\1033\link.xml,Link,EnumProperty,GenerateWindowsMetadata,true;false
C:\Program Files\Microsoft Visual Studio\18\Community\MSBuild\Microsoft\VC\v170\1033\link.xml,Link,StringProperty,WindowsMetadataFile,
C:\Program Files\Microsoft Visual Studio\18\Community\MSBuild\Microsoft\VC\v170\1033\link.xml,Link,StringProperty,WindowsMetadataLinkKeyFile,
C:\Program Files\Microsoft Visual Studio\18\Community\MSBuild\Microsoft\VC\v170\1033\link.xml,Link,StringProperty,WindowsMetadataKeyContainer,
C:\Program Files\Microsoft Visual Studio\18\Community\MSBuild\Microsoft\VC\v170\1033\link.xml,Link,BoolProperty,WindowsMetadataLinkDelaySign,
C:\Program Files\Microsoft Visual Studio\18\Community\MSBuild\Microsoft\VC\v170\1033\link.xml,Link,EnumProperty,WindowsMetadataSignHash,SHA1;SHA256;SHA384;SHA512
C:\Program Files\Microsoft Visual Studio\18\Community\MSBuild\Microsoft\VC\v170\1033\link.xml,Link,StringProperty,EntryPointSymbol,
C:\Program Files\Microsoft Visual Studio\18\Community\MSBuild\Microsoft\VC\v170\1033\link.xml,Link,BoolProperty,NoEntryPoint,
C:\Program Files\Microsoft Visual Studio\18\Community\MSBuild\Microsoft\VC\v170\1033\link.xml,Link,BoolProperty,SetChecksum,
C:\Program Files\Microsoft Visual Studio\18\Community\MSBuild\Microsoft\VC\v170\1033\link.xml,Link,StringProperty,BaseAddress,
C:\Program Files\Microsoft Visual Studio\18\Community\MSBuild\Microsoft\VC\v170\1033\link.xml,Link,BoolProperty,RandomizedBaseAddress,
C:\Program Files\Microsoft Visual Studio\18\Community\MSBuild\Microsoft\VC\v170\1033\link.xml,Link,BoolProperty,FixedBaseAddress,
C:\Program Files\Microsoft Visual Studio\18\Community\MSBuild\Microsoft\VC\v170\1033\link.xml,Link,BoolProperty,DataExecutionPrevention,
C:\Program Files\Microsoft Visual Studio\18\Community\MSBuild\Microsoft\VC\v170\1033\link.xml,Link,BoolProperty,TurnOffAssemblyGeneration,
C:\Program Files\Microsoft Visual Studio\18\Community\MSBuild\Microsoft\VC\v170\1033\link.xml,Link,BoolProperty,SupportUnloadOfDelayLoadedDLL,
C:\Program Files\Microsoft Visual Studio\18\Community\MSBuild\Microsoft\VC\v170\1033\link.xml,Link,BoolProperty,SupportNobindOfDelayLoadedDLL,
C:\Program Files\Microsoft Visual Studio\18\Community\MSBuild\Microsoft\VC\v170\1033\link.xml,Link,StringProperty,ImportLibrary,
C:\Program Files\Microsoft Visual Studio\18\Community\MSBuild\Microsoft\VC\v170\1033\link.xml,Link,StringProperty,MergeSections,
C:\Program Files\Microsoft Visual Studio\18\Community\MSBuild\Microsoft\VC\v170\1033\link.xml,Link,EnumProperty,TargetMachine,NotSet;MachineARM;MachineARM64;MachineARM64EC;MachineARM64X;MachineEBC;MachineX64;MachineX86
C:\Program Files\Microsoft Visual Studio\18\Community\MSBuild\Microsoft\VC\v170\1033\link.xml,Link,BoolProperty,Profile,
C:\Program Files\Microsoft Visual Studio\18\Community\MSBuild\Microsoft\VC\v170\1033\link.xml,Link,EnumProperty,CLRThreadAttribute,MTAThreadingAttribute;STAThreadingAttribute;DefaultThreadingAttribute
C:\Program Files\Microsoft Visual Studio\18\Community\MSBuild\Microsoft\VC\v170\1033\link.xml,Link,EnumProperty,CLRImageType,ForceIJWImage;ForcePureILImage;ForceSafeILImage;Default
C:\Program Files\Microsoft Visual Studio\18\Community\MSBuild\Microsoft\VC\v170\1033\link.xml,Link,StringProperty,LinkKeyFile,
C:\Program Files\Microsoft Visual Studio\18\Community\MSBuild\Microsoft\VC\v170\1033\link.xml,Link,StringProperty,KeyContainer,
C:\Program Files\Microsoft Visual Studio\18\Community\MSBuild\Microsoft\VC\v170\1033\link.xml,Link,BoolProperty,LinkDelaySign,
C:\Program Files\Microsoft Visual Studio\18\Community\MSBuild\Microsoft\VC\v170\1033\link.xml,Link,EnumProperty,SignHash,SHA1;SHA256;SHA384;SHA512
C:\Program Files\Microsoft Visual Studio\18\Community\MSBuild\Microsoft\VC\v170\1033\link.xml,Link,BoolProperty,CLRUnmanagedCodeCheck,
C:\Program Files\Microsoft Visual Studio\18\Community\MSBuild\Microsoft\VC\v170\1033\link.xml,Link,BoolProperty,DetectOneDefinitionRule,
C:\Program Files\Microsoft Visual Studio\18\Community\MSBuild\Microsoft\VC\v170\1033\link.xml,Link,EnumProperty,LinkErrorReporting,PromptImmediately;QueueForNextLogin;SendErrorReport;NoErrorReport
C:\Program Files\Microsoft Visual Studio\18\Community\MSBuild\Microsoft\VC\v170\1033\link.xml,Link,IntProperty,SectionAlignment,
C:\Program Files\Microsoft Visual Studio\18\Community\MSBuild\Microsoft\VC\v170\1033\link.xml,Link,EnumProperty,CLRSupportLastError,Enabled;Disabled;SystemDlls
C:\Program Files\Microsoft Visual Studio\18\Community\MSBuild\Microsoft\VC\v170\1033\link.xml,Link,BoolProperty,CETCompat,
C:\Program Files\Microsoft Visual Studio\18\Community\MSBuild\Microsoft\VC\v170\1033\link.xml,Link,BoolProperty,ImageHasSafeExceptionHandlers,
C:\Program Files\Microsoft Visual Studio\18\Community\MSBuild\Microsoft\VC\v170\1033\link.xml,Link,BoolProperty,LinkControlFlowGuard,
C:\Program Files\Microsoft Visual Studio\18\Community\MSBuild\Microsoft\VC\v170\1033\link.xml,Link,BoolProperty,LinkGuardEHContMetadata,
C:\Program Files\Microsoft Visual Studio\18\Community\MSBuild\Microsoft\VC\v170\1033\link.xml,Link,BoolProperty,LinkGuardSignedReturns,
C:\Program Files\Microsoft Visual Studio\18\Community\MSBuild\Microsoft\VC\v170\1033\link.xml,Link,IntProperty,PdbThreads,
C:\Program Files\Microsoft Visual Studio\18\Community\MSBuild\Microsoft\VC\v170\1033\link.xml,Link,IntProperty,CgThreads,
C:\Program Files\Microsoft Visual Studio\18\Community\MSBuild\Microsoft\VC\v170\1033\link.xml,Link,StringProperty,AdditionalOptions,
C:\Program Files\Microsoft Visual Studio\18\Community\MSBuild\Microsoft\VC\v170\1033\link.xml,Link,BoolProperty,LinkDLL,
C:\Program Files\Microsoft Visual Studio\18\Community\MSBuild\Microsoft\VC\v170\1033\link.xml,Link,BoolProperty,BuildingInIde,
C:\Program Files\Microsoft Visual Studio\18\Community\MSBuild\Microsoft\VC\v170\1033\midl.xml,MIDL,StringListProperty,PreprocessorDefinitions,
C:\Program Files\Microsoft Visual Studio\18\Community\MSBuild\Microsoft\VC\v170\1033\midl.xml,MIDL,StringListProperty,AdditionalIncludeDirectories,
C:\Program Files\Microsoft Visual Studio\18\Community\MSBuild\Microsoft\VC\v170\1033\midl.xml,MIDL,StringListProperty,AdditionalMetadataDirectories,
C:\Program Files\Microsoft Visual Studio\18\Community\MSBuild\Microsoft\VC\v170\1033\midl.xml,MIDL,BoolProperty,EnableWindowsRuntime,
C:\Program Files\Microsoft Visual Studio\18\Community\MSBuild\Microsoft\VC\v170\1033\midl.xml,MIDL,BoolProperty,IgnoreStandardIncludePath,
C:\Program Files\Microsoft Visual Studio\18\Community\MSBuild\Microsoft\VC\v170\1033\midl.xml,MIDL,BoolProperty,MkTypLibCompatible,
C:\Program Files\Microsoft Visual Studio\18\Community\MSBuild\Microsoft\VC\v170\1033\midl.xml,MIDL,EnumProperty,WarningLevel,0;1;2;3;4
C:\Program Files\Microsoft Visual Studio\18\Community\MSBuild\Microsoft\VC\v170\1033\midl.xml,MIDL,BoolProperty,WarnAsError,
C:\Program Files\Microsoft Visual Studio\18\Community\MSBuild\Microsoft\VC\v170\1033\midl.xml,MIDL,BoolProperty,SuppressStartupBanner,
C:\Program Files\Microsoft Visual Studio\18\Community\MSBuild\Microsoft\VC\v170\1033\midl.xml,MIDL,EnumProperty,DefaultCharType,Signed;Unsigned;Ascii
C:\Program Files\Microsoft Visual Studio\18\Community\MSBuild\Microsoft\VC\v170\1033\midl.xml,MIDL,EnumProperty,TargetEnvironment,NotSet;Win32;Itanium;ARM32;ARM64;X64
C:\Program Files\Microsoft Visual Studio\18\Community\MSBuild\Microsoft\VC\v170\1033\midl.xml,MIDL,BoolProperty,GenerateStublessProxies,
C:\Program Files\Microsoft Visual Studio\18\Community\MSBuild\Microsoft\VC\v170\1033\midl.xml,MIDL,BoolProperty,SuppressCompilerWarnings,
C:\Program Files\Microsoft Visual Studio\18\Community\MSBuild\Microsoft\VC\v170\1033\midl.xml,MIDL,BoolProperty,ApplicationConfigurationMode,
C:\Program Files\Microsoft Visual Studio\18\Community\MSBuild\Microsoft\VC\v170\1033\midl.xml,MIDL,IntProperty,LocaleID,
C:\Program Files\Microsoft Visual Studio\18\Community\MSBuild\Microsoft\VC\v170\1033\midl.xml,MIDL,BoolProperty,MultiProcMIDL,
C:\Program Files\Microsoft Visual Studio\18\Community\MSBuild\Microsoft\VC\v170\1033\midl.xml,MIDL,StringProperty,OutputDirectory,
C:\Program Files\Microsoft Visual Studio\18\Community\MSBuild\Microsoft\VC\v170\1033\midl.xml,MIDL,StringProperty,MetadataFileName,
C:\Program Files\Microsoft Visual Studio\18\Community\MSBuild\Microsoft\VC\v170\1033\midl.xml,MIDL,StringProperty,HeaderFileName,
C:\Program Files\Microsoft Visual Studio\18\Community\MSBuild\Microsoft\VC\v170\1033\midl.xml,MIDL,StringProperty,DllDataFileName,
C:\Program Files\Microsoft Visual Studio\18\Community\MSBuild\Microsoft\VC\v170\1033\midl.xml,MIDL,StringProperty,InterfaceIdentifierFileName,
C:\Program Files\Microsoft Visual Studio\18\Community\MSBuild\Microsoft\VC\v170\1033\midl.xml,MIDL,StringProperty,ProxyFileName,
C:\Program Files\Microsoft Visual Studio\18\Community\MSBuild\Microsoft\VC\v170\1033\midl.xml,MIDL,BoolProperty,GenerateTypeLibrary,
C:\Program Files\Microsoft Visual Studio\18\Community\MSBuild\Microsoft\VC\v170\1033\midl.xml,MIDL,StringProperty,TypeLibraryName,
C:\Program Files\Microsoft Visual Studio\18\Community\MSBuild\Microsoft\VC\v170\1033\midl.xml,MIDL,EnumProperty,GenerateClientFiles,Stub;None
C:\Program Files\Microsoft Visual Studio\18\Community\MSBuild\Microsoft\VC\v170\1033\midl.xml,MIDL,EnumProperty,GenerateServerFiles,Stub;None
C:\Program Files\Microsoft Visual Studio\18\Community\MSBuild\Microsoft\VC\v170\1033\midl.xml,MIDL,StringProperty,ClientStubFile,
C:\Program Files\Microsoft Visual Studio\18\Community\MSBuild\Microsoft\VC\v170\1033\midl.xml,MIDL,StringProperty,ServerStubFile,
C:\Program Files\Microsoft Visual Studio\18\Community\MSBuild\Microsoft\VC\v170\1033\midl.xml,MIDL,EnumProperty,TypeLibFormat,NewFormat;OldFormat
C:\Program Files\Microsoft Visual Studio\18\Community\MSBuild\Microsoft\VC\v170\1033\midl.xml,MIDL,StringProperty,CPreprocessOptions,
C:\Program Files\Microsoft Visual Studio\18\Community\MSBuild\Microsoft\VC\v170\1033\midl.xml,MIDL,StringListProperty,UndefinePreprocessorDefinitions,
C:\Program Files\Microsoft Visual Studio\18\Community\MSBuild\Microsoft\VC\v170\1033\midl.xml,MIDL,EnumProperty,EnableErrorChecks,EnableCustom;All;None
C:\Program Files\Microsoft Visual Studio\18\Community\MSBuild\Microsoft\VC\v170\1033\midl.xml,MIDL,BoolProperty,ErrorCheckAllocations,
C:\Program Files\Microsoft Visual Studio\18\Community\MSBuild\Microsoft\VC\v170\1033\midl.xml,MIDL,BoolProperty,ErrorCheckBounds,
C:\Program Files\Microsoft Visual Studio\18\Community\MSBuild\Microsoft\VC\v170\1033\midl.xml,MIDL,BoolProperty,ErrorCheckEnumRange,
C:\Program Files\Microsoft Visual Studio\18\Community\MSBuild\Microsoft\VC\v170\1033\midl.xml,MIDL,BoolProperty,ErrorCheckRefPointers,
C:\Program Files\Microsoft Visual Studio\18\Community\MSBuild\Microsoft\VC\v170\1033\midl.xml,MIDL,BoolProperty,ErrorCheckStubData,
C:\Program Files\Microsoft Visual Studio\18\Community\MSBuild\Microsoft\VC\v170\1033\midl.xml,MIDL,BoolProperty,Enumclass,
C:\Program Files\Microsoft Visual Studio\18\Community\MSBuild\Microsoft\VC\v170\1033\midl.xml,MIDL,BoolProperty,PrependWithABINamepsace,
C:\Program Files\Microsoft Visual Studio\18\Community\MSBuild\Microsoft\VC\v170\1033\midl.xml,MIDL,BoolProperty,ValidateAllParameters,
C:\Program Files\Microsoft Visual Studio\18\Community\MSBuild\Microsoft\VC\v170\1033\midl.xml,MIDL,EnumProperty,StructMemberAlignment,NotSet;1;2;4;8
C:\Program Files\Microsoft Visual Studio\18\Community\MSBuild\Microsoft\VC\v170\1033\midl.xml,MIDL,StringProperty,RedirectOutputAndErrors,
C:\Program Files\Microsoft Visual Studio\18\Community\MSBuild\Microsoft\VC\v170\1033\midl.xml,MIDL,StringProperty,MinimumTargetSystem,
C:\Program Files\Microsoft Visual Studio\18\Community\MSBuild\Microsoft\VC\v170\1033\midl.xml,MIDL,StringProperty,AdditionalOptions,
C:\Program Files\Microsoft Visual Studio\18\Community\MSBuild\Microsoft\VC\v170\1033\midl.xml,MIDL,StringProperty,TrackerLogDirectory,
C:\Program Files\Microsoft Visual Studio\18\Community\MSBuild\Microsoft\VC\v170\1033\mt.xml,Mt,BoolProperty,SuppressStartupBanner,
C:\Program Files\Microsoft Visual Studio\18\Community\MSBuild\Microsoft\VC\v170\1033\mt.xml,Mt,BoolProperty,VerboseOutput,
C:\Program Files\Microsoft Visual Studio\18\Community\MSBuild\Microsoft\VC\v170\1033\mt.xml,Mt,StringProperty,AssemblyIdentity,
C:\Program Files\Microsoft Visual Studio\18\Community\MSBuild\Microsoft\VC\v170\1033\mt.xml,Mt,StringListProperty,AdditionalManifestFiles,
C:\Program Files\Microsoft Visual Studio\18\Community\MSBuild\Microsoft\VC\v170\1033\mt.xml,Mt,StringProperty,InputResourceManifests,
C:\Program Files\Microsoft Visual Studio\18\Community\MSBuild\Microsoft\VC\v170\1033\mt.xml,Mt,BoolProperty,EmbedManifest,
C:\Program Files\Microsoft Visual Studio\18\Community\MSBuild\Microsoft\VC\v170\1033\mt.xml,Mt,StringProperty,OutputManifestFile,
C:\Program Files\Microsoft Visual Studio\18\Community\MSBuild\Microsoft\VC\v170\1033\mt.xml,Mt,StringProperty,ResourceOutputFileName,
C:\Program Files\Microsoft Visual Studio\18\Community\MSBuild\Microsoft\VC\v170\1033\mt.xml,Mt,BoolProperty,GenerateCatalogFiles,
C:\Program Files\Microsoft Visual Studio\18\Community\MSBuild\Microsoft\VC\v170\1033\mt.xml,Mt,StringProperty,DependencyInformationFile,
C:\Program Files\Microsoft Visual Studio\18\Community\MSBuild\Microsoft\VC\v170\1033\mt.xml,Mt,StringProperty,OutputResourceManifests,
C:\Program Files\Microsoft Visual Studio\18\Community\MSBuild\Microsoft\VC\v170\1033\mt.xml,Mt,StringProperty,ManifestFromManagedAssembly,
C:\Program Files\Microsoft Visual Studio\18\Community\MSBuild\Microsoft\VC\v170\1033\mt.xml,Mt,BoolProperty,SuppressDependencyElement,
C:\Program Files\Microsoft Visual Studio\18\Community\MSBuild\Microsoft\VC\v170\1033\mt.xml,Mt,BoolProperty,GenerateCategoryTags,
C:\Program Files\Microsoft Visual Studio\18\Community\MSBuild\Microsoft\VC\v170\1033\mt.xml,Mt,EnumProperty,EnableDpiAwareness,false;true;PerMonitorHighDPIAware
C:\Program Files\Microsoft Visual Studio\18\Community\MSBuild\Microsoft\VC\v170\1033\mt.xml,Mt,StringProperty,TypeLibraryFile,
C:\Program Files\Microsoft Visual Studio\18\Community\MSBuild\Microsoft\VC\v170\1033\mt.xml,Mt,StringProperty,RegistrarScriptFile,
C:\Program Files\Microsoft Visual Studio\18\Community\MSBuild\Microsoft\VC\v170\1033\mt.xml,Mt,StringProperty,ComponentFileName,
C:\Program Files\Microsoft Visual Studio\18\Community\MSBuild\Microsoft\VC\v170\1033\mt.xml,Mt,StringProperty,ReplacementsFile,
C:\Program Files\Microsoft Visual Studio\18\Community\MSBuild\Microsoft\VC\v170\1033\mt.xml,Mt,BoolProperty,UpdateFileHashes,
C:\Program Files\Microsoft Visual Studio\18\Community\MSBuild\Microsoft\VC\v170\1033\mt.xml,Mt,StringProperty,UpdateFileHashesSearchPath,
C:\Program Files\Microsoft Visual Studio\18\Community\MSBuild\Microsoft\VC\v170\1033\mt.xml,Mt,StringProperty,AdditionalOptions,
C:\Program Files\Microsoft Visual Studio\18\Community\MSBuild\Microsoft\VC\v170\1033\mt.xml,Mt,StringProperty,TrackerLogDirectory,
C:\Program Files\Microsoft Visual Studio\18\Community\MSBuild\Microsoft\VC\v170\1033\nmake.xml,ConfigurationNMake,StringProperty,NMakeBuildCommandLine,
C:\Program Files\Microsoft Visual Studio\18\Community\MSBuild\Microsoft\VC\v170\1033\nmake.xml,ConfigurationNMake,StringProperty,NMakeReBuildCommandLine,
C:\Program Files\Microsoft Visual Studio\18\Community\MSBuild\Microsoft\VC\v170\1033\nmake.xml,ConfigurationNMake,StringProperty,NMakeCleanCommandLine,
C:\Program Files\Microsoft Visual Studio\18\Community\MSBuild\Microsoft\VC\v170\1033\nmake.xml,ConfigurationNMake,StringProperty,NMakeCompileFileCommandLine,
C:\Program Files\Microsoft Visual Studio\18\Community\MSBuild\Microsoft\VC\v170\1033\nmake.xml,ConfigurationNMake,StringProperty,NMakeOutput,
C:\Program Files\Microsoft Visual Studio\18\Community\MSBuild\Microsoft\VC\v170\1033\nmake.xml,ConfigurationNMake,StringListProperty,NMakePreprocessorDefinitions,
C:\Program Files\Microsoft Visual Studio\18\Community\MSBuild\Microsoft\VC\v170\1033\nmake.xml,ConfigurationNMake,StringListProperty,NMakeIncludeSearchPath,
C:\Program Files\Microsoft Visual Studio\18\Community\MSBuild\Microsoft\VC\v170\1033\nmake.xml,ConfigurationNMake,StringListProperty,NMakeForcedIncludes,
C:\Program Files\Microsoft Visual Studio\18\Community\MSBuild\Microsoft\VC\v170\1033\nmake.xml,ConfigurationNMake,StringListProperty,NMakeAssemblySearchPath,
C:\Program Files\Microsoft Visual Studio\18\Community\MSBuild\Microsoft\VC\v170\1033\nmake.xml,ConfigurationNMake,StringListProperty,NMakeForcedUsingAssemblies,
C:\Program Files\Microsoft Visual Studio\18\Community\MSBuild\Microsoft\VC\v170\1033\nmake.xml,ConfigurationNMake,StringProperty,AdditionalOptions,
C:\Program Files\Microsoft Visual Studio\18\Community\MSBuild\Microsoft\VC\v170\1033\rc.xml,RC,StringListProperty,PreprocessorDefinitions,
C:\Program Files\Microsoft Visual Studio\18\Community\MSBuild\Microsoft\VC\v170\1033\rc.xml,RC,StringListProperty,DesigntimePreprocessorDefinitions,
C:\Program Files\Microsoft Visual Studio\18\Community\MSBuild\Microsoft\VC\v170\1033\rc.xml,RC,StringListProperty,UndefinePreprocessorDefinitions,
C:\Program Files\Microsoft Visual Studio\18\Community\MSBuild\Microsoft\VC\v170\1033\rc.xml,RC,DynamicEnumProperty,Culture,
C:\Program Files\Microsoft Visual Studio\18\Community\MSBuild\Microsoft\VC\v170\1033\rc.xml,RC,StringListProperty,AdditionalIncludeDirectories,
C:\Program Files\Microsoft Visual Studio\18\Community\MSBuild\Microsoft\VC\v170\1033\rc.xml,RC,BoolProperty,IgnoreStandardIncludePath,
C:\Program Files\Microsoft Visual Studio\18\Community\MSBuild\Microsoft\VC\v170\1033\rc.xml,RC,BoolProperty,ShowProgress,
C:\Program Files\Microsoft Visual Studio\18\Community\MSBuild\Microsoft\VC\v170\1033\rc.xml,RC,BoolProperty,SuppressStartupBanner,
C:\Program Files\Microsoft Visual Studio\18\Community\MSBuild\Microsoft\VC\v170\1033\rc.xml,RC,StringProperty,ResourceOutputFileName,
C:\Program Files\Microsoft Visual Studio\18\Community\MSBuild\Microsoft\VC\v170\1033\rc.xml,RC,BoolProperty,NullTerminateStrings,
C:\Program Files\Microsoft Visual Studio\18\Community\MSBuild\Microsoft\VC\v170\1033\rc.xml,RC,StringProperty,AdditionalOptions,
C:\Program Files\Microsoft Visual Studio\18\Community\MSBuild\Microsoft\VC\v170\1033\rc.xml,RC,StringProperty,TrackerLogDirectory,
C:\Program Files\Microsoft Visual Studio\18\Community\MSBuild\Microsoft\VC\v170\1033\resgen.xml,Resgen,StringProperty,LogicalName,
C:\Program Files\Microsoft Visual Studio\18\Community\MSBuild\Microsoft\VC\v170\1033\resgen.xml,Resgen,StringProperty,OutputFileName,
C:\Program Files\Microsoft Visual Studio\18\Community\MSBuild\Microsoft\VC\v170\1033\resgen.xml,Resgen,BoolProperty,DefaultLocalizedResources,
C:\Program Files\Microsoft Visual Studio\18\Community\MSBuild\Microsoft\VC\v170\1033\unity_cl_extension.xml,CL,BoolProperty,IncludeInUnityFile,
C:\Program Files\Microsoft Visual Studio\18\Community\MSBuild\Microsoft\VC\v170\1033\unity_cl_extension.xml,CL,IntProperty,OrderInUnityFile,
C:\Program Files\Microsoft Visual Studio\18\Community\MSBuild\Microsoft\VC\v170\1033\unity_cl_extension.xml,CL,BoolProperty,CombineFilesOnlyFromTheSameFolder,
C:\Program Files\Microsoft Visual Studio\18\Community\MSBuild\Microsoft\VC\v170\1033\unity_cl_extension.xml,CL,IntProperty,MinFilesInUnityFile,
C:\Program Files\Microsoft Visual Studio\18\Community\MSBuild\Microsoft\VC\v170\1033\unity_cl_extension.xml,CL,IntProperty,MaxFilesInUnityFile,
C:\Program Files\Microsoft Visual Studio\18\Community\MSBuild\Microsoft\VC\v170\1033\unity_cl_extension.xml,CL,IntProperty,MinUnityFiles,
C:\Program Files\Microsoft Visual Studio\18\Community\MSBuild\Microsoft\VC\v170\1033\unity_cl_extension.xml,CL,StringProperty,AddCodeBeforeSourceInclude,
C:\Program Files\Microsoft Visual Studio\18\Community\MSBuild\Microsoft\VC\v170\1033\unity_cl_extension.xml,CL,StringProperty,AddCodeAfterSourceInclude,
C:\Program Files\Microsoft Visual Studio\18\Community\MSBuild\Microsoft\VC\v170\1033\unity_cl_extension.xml,CL,StringProperty,AddCodeBeforeSourceIncludeFromFile,
C:\Program Files\Microsoft Visual Studio\18\Community\MSBuild\Microsoft\VC\v170\1033\unity_cl_extension.xml,CL,StringProperty,AddCodeAfterSourceIncludeFromFile,
C:\Program Files\Microsoft Visual Studio\18\Community\MSBuild\Microsoft\VC\v170\1033\unity_cl_extension.xml,CL,StringProperty,UnityFilesDirectory,
C:\Program Files\Microsoft Visual Studio\18\Community\MSBuild\Microsoft\VC\v170\1033\unity_cl_extension.xml,CL,BoolProperty,CustomUnityFile,
C:\Program Files\Microsoft Visual Studio\18\Community\MSBuild\Microsoft\VC\v170\1033\xaml.xml,XAML,StringProperty,SuppressXamlWarnings,
C:\Program Files\Microsoft Visual Studio\18\Community\MSBuild\Microsoft\VC\v170\1033\xdcmake.xml,XDCMake,BoolProperty,SlashOld,
C:\Program Files\Microsoft Visual Studio\18\Community\MSBuild\Microsoft\VC\v170\1033\xdcmake.xml,XDCMake,StringProperty,ProjectName,
C:\Program Files\Microsoft Visual Studio\18\Community\MSBuild\Microsoft\VC\v170\1033\xdcmake.xml,XDCMake,BoolProperty,SuppressStartupBanner,
C:\Program Files\Microsoft Visual Studio\18\Community\MSBuild\Microsoft\VC\v170\1033\xdcmake.xml,XDCMake,StringListProperty,AdditionalDocumentFile,
C:\Program Files\Microsoft Visual Studio\18\Community\MSBuild\Microsoft\VC\v170\1033\xdcmake.xml,XDCMake,StringProperty,OutputFile,
C:\Program Files\Microsoft Visual Studio\18\Community\MSBuild\Microsoft\VC\v170\1033\xdcmake.xml,XDCMake,BoolProperty,DocumentLibraryDependencies,
C:\Program Files\Microsoft Visual Studio\18\Community\MSBuild\Microsoft\VC\v170\1033\xdcmake.xml,XDCMake,StringProperty,AdditionalOptions,
C:\Program Files\Microsoft Visual Studio\18\Community\MSBuild\Microsoft\VC\v170\1033\xdcmake.xml,XDCMake,StringProperty,TrackerLogDirectory,
C:\Program Files\Microsoft Visual Studio\18\Community\MSBuild\Microsoft\VC\v170\1033\xp_AppHostDebugger_Local.xml,AppHostLocalDebugger,BoolProperty,DebuggerLaunchApplication,
C:\Program Files\Microsoft Visual Studio\18\Community\MSBuild\Microsoft\VC\v170\1033\xp_AppHostDebugger_Local.xml,AppHostLocalDebugger,EnumProperty,DebuggerType,NativeOnly;ManagedOnly;GPUOnly;Script;Mixed
C:\Program Files\Microsoft Visual Studio\18\Community\MSBuild\Microsoft\VC\v170\1033\xp_AppHostDebugger_Local.xml,AppHostLocalDebugger,DynamicEnumProperty,GPUDebuggerTargetType,
C:\Program Files\Microsoft Visual Studio\18\Community\MSBuild\Microsoft\VC\v170\1033\xp_AppHostDebugger_Local.xml,AppHostLocalDebugger,EnumProperty,GPURefDebuggerBreakOnAllThreads,GPURefBreakOncePerWarp;GPURefBreakForCPUThread
C:\Program Files\Microsoft Visual Studio\18\Community\MSBuild\Microsoft\VC\v170\1033\xsd.xml,XSD,BoolProperty,SuppressStartupBanner,
C:\Program Files\Microsoft Visual Studio\18\Community\MSBuild\Microsoft\VC\v170\1033\xsd.xml,XSD,StringProperty,Namespace,
C:\Program Files\Microsoft Visual Studio\18\Community\MSBuild\Microsoft\VC\v170\1033\xsd.xml,XSD,StringProperty,Language,
C:\Program Files\Microsoft Visual Studio\18\Community\MSBuild\Microsoft\VC\v170\1033\xsd.xml,XSD,EnumProperty,GenerateFromSchema,classes;dataset
C:\Program Files\Microsoft Visual Studio\18\Community\MSBuild\Microsoft\VC\v170\1033\xsd.xml,XSD,StringProperty,AdditionalOptions,
C:\Program Files\Microsoft Visual Studio\18\Community\MSBuild\Microsoft\VC\v170\1033\xsd.xml,XSD,StringProperty,TrackerLogDirectory,
C:\Program Files\Microsoft Visual Studio\18\Community\MSBuild\Microsoft\VC\v170\BuildCustomizations\lc.xml,,StringListProperty,Inputs,
C:\Program Files\Microsoft Visual Studio\18\Community\MSBuild\Microsoft\VC\v170\BuildCustomizations\lc.xml,,BoolProperty,NoLogo,
C:\Program Files\Microsoft Visual Studio\18\Community\MSBuild\Microsoft\VC\v170\BuildCustomizations\lc.xml,,BoolProperty,VerboseOutput,
C:\Program Files\Microsoft Visual Studio\18\Community\MSBuild\Microsoft\VC\v170\BuildCustomizations\lc.xml,,StringProperty,TargetAssembly,
C:\Program Files\Microsoft Visual Studio\18\Community\MSBuild\Microsoft\VC\v170\BuildCustomizations\lc.xml,,StringProperty,OutputDirectory,
C:\Program Files\Microsoft Visual Studio\18\Community\MSBuild\Microsoft\VC\v170\BuildCustomizations\lc.xml,,StringListProperty,ComponentModules,
C:\Program Files\Microsoft Visual Studio\18\Community\MSBuild\Microsoft\VC\v170\BuildCustomizations\lc.xml,,BoolProperty,UseDefaultComponentModules,
C:\Program Files\Microsoft Visual Studio\18\Community\MSBuild\Microsoft\VC\v170\BuildCustomizations\lc.xml,,StringProperty,CommandLineTemplate,
C:\Program Files\Microsoft Visual Studio\18\Community\MSBuild\Microsoft\VC\v170\BuildCustomizations\lc.xml,,DynamicEnumProperty,LicxCompilerBeforeTargets,
C:\Program Files\Microsoft Visual Studio\18\Community\MSBuild\Microsoft\VC\v170\BuildCustomizations\lc.xml,,DynamicEnumProperty,LicxCompilerAfterTargets,
C:\Program Files\Microsoft Visual Studio\18\Community\MSBuild\Microsoft\VC\v170\BuildCustomizations\lc.xml,,StringListProperty,Outputs,
C:\Program Files\Microsoft Visual Studio\18\Community\MSBuild\Microsoft\VC\v170\BuildCustomizations\lc.xml,,StringProperty,ExecutionDescription,
C:\Program Files\Microsoft Visual Studio\18\Community\MSBuild\Microsoft\VC\v170\BuildCustomizations\lc.xml,,StringListProperty,AdditionalDependencies,
C:\Program Files\Microsoft Visual Studio\18\Community\MSBuild\Microsoft\VC\v170\BuildCustomizations\lc.xml,,StringProperty,AdditionalOptions,
C:\Program Files\Microsoft Visual Studio\18\Community\MSBuild\Microsoft\VC\v170\BuildCustomizations\marmasm.xml,,StringProperty,Inputs,
C:\Program Files\Microsoft Visual Studio\18\Community\MSBuild\Microsoft\VC\v170\BuildCustomizations\marmasm.xml,,StringProperty,Errors,
C:\Program Files\Microsoft Visual Studio\18\Community\MSBuild\Microsoft\VC\v170\BuildCustomizations\marmasm.xml,,StringListProperty,IncludePaths,
C:\Program Files\Microsoft Visual Studio\18\Community\MSBuild\Microsoft\VC\v170\BuildCustomizations\marmasm.xml,,StringProperty,PreDefineDirective,
C:\Program Files\Microsoft Visual Studio\18\Community\MSBuild\Microsoft\VC\v170\BuildCustomizations\marmasm.xml,,BoolProperty,NoWarn,
C:\Program Files\Microsoft Visual Studio\18\Community\MSBuild\Microsoft\VC\v170\BuildCustomizations\marmasm.xml,,StringProperty,Ignore,
C:\Program Files\Microsoft Visual Studio\18\Community\MSBuild\Microsoft\VC\v170\BuildCustomizations\marmasm.xml,,EnumProperty,PEMachineType,ARM;THUMB;ARMCE
C:\Program Files\Microsoft Visual Studio\18\Community\MSBuild\Microsoft\VC\v170\BuildCustomizations\marmasm.xml,,BoolProperty,OldIT,
C:\Program Files\Microsoft Visual Studio\18\Community\MSBuild\Microsoft\VC\v170\BuildCustomizations\marmasm.xml,,StringProperty,AdditionalArgumentsFile,
C:\Program Files\Microsoft Visual Studio\18\Community\MSBuild\Microsoft\VC\v170\BuildCustomizations\marmasm.xml,,BoolProperty,GenerateDebugInformation,
C:\Program Files\Microsoft Visual Studio\18\Community\MSBuild\Microsoft\VC\v170\BuildCustomizations\marmasm.xml,,StringProperty,CommandLineTemplate,
C:\Program Files\Microsoft Visual Studio\18\Community\MSBuild\Microsoft\VC\v170\BuildCustomizations\marmasm.xml,,EnumProperty,ErrorReport,Queue;None;Prompt;Send
C:\Program Files\Microsoft Visual Studio\18\Community\MSBuild\Microsoft\VC\v170\BuildCustomizations\marmasm.xml,,StringProperty,ObjectFileName,
C:\Program Files\Microsoft Visual Studio\18\Community\MSBuild\Microsoft\VC\v170\BuildCustomizations\marmasm.xml,,DynamicEnumProperty,MARMASMBeforeTargets,
C:\Program Files\Microsoft Visual Studio\18\Community\MSBuild\Microsoft\VC\v170\BuildCustomizations\marmasm.xml,,DynamicEnumProperty,MARMASMAfterTargets,
C:\Program Files\Microsoft Visual Studio\18\Community\MSBuild\Microsoft\VC\v170\BuildCustomizations\marmasm.xml,,StringProperty,ExecutionDescription,
C:\Program Files\Microsoft Visual Studio\18\Community\MSBuild\Microsoft\VC\v170\BuildCustomizations\marmasm.xml,,StringListProperty,AdditionalDependencies,
C:\Program Files\Microsoft Visual Studio\18\Community\MSBuild\Microsoft\VC\v170\BuildCustomizations\marmasm.xml,,StringProperty,AdditionalOptions,
C:\Program Files\Microsoft Visual Studio\18\Community\MSBuild\Microsoft\VC\v170\BuildCustomizations\marmasm.xml,,BoolProperty,PreprocessWithCl,
C:\Program Files\Microsoft Visual Studio\18\Community\MSBuild\Microsoft\VC\v170\BuildCustomizations\marmasm.xml,,StringListProperty,AdditionalIncludeDirectories,
C:\Program Files\Microsoft Visual Studio\18\Community\MSBuild\Microsoft\VC\v170\BuildCustomizations\marmasm.xml,,BoolProperty,IgnoreStandardIncludePath,
C:\Program Files\Microsoft Visual Studio\18\Community\MSBuild\Microsoft\VC\v170\BuildCustomizations\marmasm.xml,,StringListProperty,PreprocessorDefinitions,
C:\Program Files\Microsoft Visual Studio\18\Community\MSBuild\Microsoft\VC\v170\BuildCustomizations\marmasm.xml,,StringProperty,PreprocessOutputPath,
C:\Program Files\Microsoft Visual Studio\18\Community\MSBuild\Microsoft\VC\v170\BuildCustomizations\marmasm.xml,,StringListProperty,UndefinePreprocessorDefinitions,
C:\Program Files\Microsoft Visual Studio\18\Community\MSBuild\Microsoft\VC\v170\BuildCustomizations\marmasm.xml,,BoolProperty,UndefineAllPreprocessorDefinitions,
C:\Program Files\Microsoft Visual Studio\18\Community\MSBuild\Microsoft\VC\v170\BuildCustomizations\marmasm.xml,,BoolProperty,UseStandardPreprocessor,
C:\Program Files\Microsoft Visual Studio\18\Community\MSBuild\Microsoft\VC\v170\BuildCustomizations\masm.xml,,StringProperty,Inputs,
C:\Program Files\Microsoft Visual Studio\18\Community\MSBuild\Microsoft\VC\v170\BuildCustomizations\masm.xml,,BoolProperty,NoLogo,
C:\Program Files\Microsoft Visual Studio\18\Community\MSBuild\Microsoft\VC\v170\BuildCustomizations\masm.xml,,BoolProperty,GeneratePreprocessedSourceListing,
C:\Program Files\Microsoft Visual Studio\18\Community\MSBuild\Microsoft\VC\v170\BuildCustomizations\masm.xml,,BoolProperty,ListAllAvailableInformation,
C:\Program Files\Microsoft Visual Studio\18\Community\MSBuild\Microsoft\VC\v170\BuildCustomizations\masm.xml,,BoolProperty,UseSafeExceptionHandlers,
C:\Program Files\Microsoft Visual Studio\18\Community\MSBuild\Microsoft\VC\v170\BuildCustomizations\masm.xml,,BoolProperty,AddFirstPassListing,
C:\Program Files\Microsoft Visual Studio\18\Community\MSBuild\Microsoft\VC\v170\BuildCustomizations\masm.xml,,BoolProperty,EnableAssemblyGeneratedCodeListing,
C:\Program Files\Microsoft Visual Studio\18\Community\MSBuild\Microsoft\VC\v170\BuildCustomizations\masm.xml,,BoolProperty,DisableSymbolTable,
C:\Program Files\Microsoft Visual Studio\18\Community\MSBuild\Microsoft\VC\v170\BuildCustomizations\masm.xml,,BoolProperty,EnableFalseConditionalsInListing,
C:\Program Files\Microsoft Visual Studio\18\Community\MSBuild\Microsoft\VC\v170\BuildCustomizations\masm.xml,,BoolProperty,TreatWarningsAsErrors,
C:\Program Files\Microsoft Visual Studio\18\Community\MSBuild\Microsoft\VC\v170\BuildCustomizations\masm.xml,,BoolProperty,MakeAllSymbolsPublic,
C:\Program Files\Microsoft Visual Studio\18\Community\MSBuild\Microsoft\VC\v170\BuildCustomizations\masm.xml,,BoolProperty,GenerateDebugInformation,
C:\Program Files\Microsoft Visual Studio\18\Community\MSBuild\Microsoft\VC\v170\BuildCustomizations\masm.xml,,BoolProperty,EnableMASM51Compatibility,
C:\Program Files\Microsoft Visual Studio\18\Community\MSBuild\Microsoft\VC\v170\BuildCustomizations\masm.xml,,BoolProperty,PerformSyntaxCheckOnly,
C:\Program Files\Microsoft Visual Studio\18\Community\MSBuild\Microsoft\VC\v170\BuildCustomizations\masm.xml,,StringProperty,ObjectFileName,
C:\Program Files\Microsoft Visual Studio\18\Community\MSBuild\Microsoft\VC\v170\BuildCustomizations\masm.xml,,StringListProperty,PreprocessorDefinitions,
C:\Program Files\Microsoft Visual Studio\18\Community\MSBuild\Microsoft\VC\v170\BuildCustomizations\masm.xml,,StringProperty,AssembledCodeListingFile,
C:\Program Files\Microsoft Visual Studio\18\Community\MSBuild\Microsoft\VC\v170\BuildCustomizations\masm.xml,,StringListProperty,IncludePaths,
C:\Program Files\Microsoft Visual Studio\18\Community\MSBuild\Microsoft\VC\v170\BuildCustomizations\masm.xml,,StringListProperty,BrowseFile,
C:\Program Files\Microsoft Visual Studio\18\Community\MSBuild\Microsoft\VC\v170\BuildCustomizations\masm.xml,,EnumProperty,PreserveIdentifierCase,0;1;2;3
C:\Program Files\Microsoft Visual Studio\18\Community\MSBuild\Microsoft\VC\v170\BuildCustomizations\masm.xml,,EnumProperty,WarningLevel,0;1;2;3
C:\Program Files\Microsoft Visual Studio\18\Community\MSBuild\Microsoft\VC\v170\BuildCustomizations\masm.xml,,EnumProperty,PackAlignmentBoundary,0;1;2;3;4;5
C:\Program Files\Microsoft Visual Studio\18\Community\MSBuild\Microsoft\VC\v170\BuildCustomizations\masm.xml,,EnumProperty,CallingConvention,0;1;2;3
C:\Program Files\Microsoft Visual Studio\18\Community\MSBuild\Microsoft\VC\v170\BuildCustomizations\masm.xml,,EnumProperty,ErrorReporting,0;1;2;3
C:\Program Files\Microsoft Visual Studio\18\Community\MSBuild\Microsoft\VC\v170\BuildCustomizations\masm.xml,,StringProperty,CommandLineTemplate,
C:\Program Files\Microsoft Visual Studio\18\Community\MSBuild\Microsoft\VC\v170\BuildCustomizations\masm.xml,,DynamicEnumProperty,MASMBeforeTargets,
C:\Program Files\Microsoft Visual Studio\18\Community\MSBuild\Microsoft\VC\v170\BuildCustomizations\masm.xml,,DynamicEnumProperty,MASMAfterTargets,
C:\Program Files\Microsoft Visual Studio\18\Community\MSBuild\Microsoft\VC\v170\BuildCustomizations\masm.xml,,StringProperty,ExecutionDescription,
C:\Program Files\Microsoft Visual Studio\18\Community\MSBuild\Microsoft\VC\v170\BuildCustomizations\masm.xml,,StringListProperty,AdditionalDependencies,
C:\Program Files\Microsoft Visual Studio\18\Community\MSBuild\Microsoft\VC\v170\BuildCustomizations\masm.xml,,StringProperty,AdditionalOptions,
C:\Program Files\Microsoft Visual Studio\18\Community\MSBuild\Microsoft\VC\v170\BuildCustomizations\1033\ImageContentTask.xml,,EnumProperty,Compress,None;BC1_UNORM;BC1_UNORM_SRGB;BC2_UNORM;BC2_UNORM_SRGB;BC3_UNORM;BC3_UNORM_SRGB;BC4_UNORM;BC4_SNORM;BC5_UNORM;BC5_SNORM;BC6H_UF16;BC6H_SF16;BC7_UNORM;BC7_UNORM_SRGB
C:\Program Files\Microsoft Visual Studio\18\Community\MSBuild\Microsoft\VC\v170\BuildCustomizations\1033\ImageContentTask.xml,,BoolProperty,GeneratePremultipliedAlpha,
C:\Program Files\Microsoft Visual Studio\18\Community\MSBuild\Microsoft\VC\v170\BuildCustomizations\1033\ImageContentTask.xml,,BoolProperty,GenerateMips,
C:\Program Files\Microsoft Visual Studio\18\Community\MSBuild\Microsoft\VC\v170\BuildCustomizations\1033\ImageContentTask.xml,,StringProperty,ContentOutput,
C:\Program Files\Microsoft Visual Studio\18\Community\MSBuild\Microsoft\VC\v170\BuildCustomizations\1033\MeshContentTask.xml,,StringProperty,ContentOutput,
C:\Program Files\Microsoft Visual Studio\18\Community\MSBuild\Microsoft\VC\v170\BuildCustomizations\1033\ShaderGraphContentTask.xml,,StringProperty,ContentOutput,
